1.580000000000000071e+00,6.199999999999999956e-01,3.800000000000000044e-01,1.459999999999999964e+00,8.200000000000000622e-01,1.260000000000000009e+00,6.199999999999999956e-01,1.500000000000000000e+00,1.860000000000000098e+00,1.060000000000000053e+00,1.380000000000000115e+00,1.739999999999999991e+00
5.999999999999999778e-02,7.399999999999999911e-01,7.800000000000000266e-01,5.999999999999999778e-02,1.179999999999999938e+00,1.899999999999999911e+00,1.939999999999999947e+00,9.799999999999999822e-01,2.000000000000000042e-02,4.200000000000000400e-01,2.000000000000000042e-02,6.999999999999999556e-01
1.860000000000000098e+00,1.300000000000000044e+00,1.000000000000000056e-01,1.780000000000000027e+00,1.219999999999999973e+00,1.860000000000000098e+00,9.799999999999999822e-01,2.000000000000000042e-02,2.200000000000000011e-01,3.000000000000000444e-01,9.000000000000000222e-01,1.219999999999999973e+00
9.000000000000000222e-01,5.800000000000000711e-01,1.459999999999999964e+00,4.200000000000000400e-01,6.600000000000000311e-01,1.540000000000000036e+00,5.000000000000000000e-01,6.199999999999999956e-01,1.100000000000000089e+00,4.599999999999999645e-01,1.419999999999999929e+00,1.140000000000000124e+00
7.800000000000000266e-01,1.699999999999999956e+00,7.399999999999999911e-01,9.799999999999999822e-01,8.599999999999999867e-01,1.660000000000000142e+00,5.999999999999999778e-02,1.300000000000000044e+00,1.179999999999999938e+00,1.020000000000000018e+00,4.200000000000000400e-01,6.199999999999999956e-01
1.179999999999999938e+00,3.800000000000000044e-01,1.400000000000000133e-01,1.260000000000000009e+00,2.200000000000000011e-01,9.399999999999999467e-01,1.500000000000000000e+00,7.800000000000000266e-01,9.000000000000000222e-01,3.399999999999999689e-01,5.000000000000000000e-01,1.780000000000000027e+00
1.799999999999999933e-01,6.999999999999999556e-01,1.820000000000000062e+00,1.340000000000000080e+00,1.000000000000000056e-01,9.799999999999999822e-01,1.739999999999999991e+00,1.419999999999999929e+00,1.060000000000000053e+00,1.820000000000000062e+00,8.599999999999999867e-01,8.599999999999999867e-01
1.540000000000000036e+00,1.179999999999999938e+00,3.000000000000000444e-01,1.380000000000000115e+00,4.200000000000000400e-01,1.820000000000000062e+00,1.860000000000000098e+00,3.399999999999999689e-01,1.979999999999999982e+00,1.419999999999999929e+00,1.780000000000000027e+00,1.100000000000000089e+00
1.340000000000000080e+00,5.400000000000000355e-01,5.800000000000000711e-01,1.500000000000000000e+00,1.899999999999999911e+00,1.000000000000000056e-01,2.000000000000000042e-02,5.999999999999999778e-02,1.340000000000000080e+00,7.800000000000000266e-01,1.860000000000000098e+00,1.419999999999999929e+00
1.620000000000000107e+00,1.100000000000000089e+00,1.060000000000000053e+00,1.060000000000000053e+00,1.300000000000000044e+00,1.939999999999999947e+00,1.380000000000000115e+00,4.599999999999999645e-01,7.399999999999999911e-01,1.380000000000000115e+00,5.800000000000000711e-01,5.999999999999999778e-02
6.600000000000000311e-01,9.799999999999999822e-01,1.979999999999999982e+00,6.600000000000000311e-01,1.739999999999999991e+00,1.419999999999999929e+00,1.820000000000000062e+00,6.999999999999999556e-01,1.699999999999999956e+00,5.800000000000000711e-01,1.179999999999999938e+00,6.600000000000000311e-01
2.600000000000000089e-01,1.419999999999999929e+00,5.000000000000000000e-01,1.300000000000000044e+00,7.800000000000000266e-01,6.999999999999999556e-01,8.200000000000000622e-01,1.820000000000000062e+00,3.000000000000000444e-01,7.399999999999999911e-01,1.140000000000000124e+00,2.000000000000000042e-02
1.380000000000000115e+00,3.000000000000000444e-01,2.600000000000000089e-01,1.400000000000000133e-01,1.939999999999999947e+00,1.620000000000000107e+00,1.000000000000000056e-01,3.000000000000000444e-01,7.800000000000000266e-01,1.000000000000000056e-01,1.300000000000000044e+00,5.000000000000000000e-01
2.200000000000000011e-01,4.200000000000000400e-01,9.000000000000000222e-01,1.939999999999999947e+00,1.820000000000000062e+00,1.500000000000000000e+00,7.399999999999999911e-01,8.599999999999999867e-01,1.000000000000000056e-01,1.899999999999999911e+00,1.580000000000000071e+00,1.000000000000000056e-01
3.800000000000000044e-01,1.660000000000000142e+00,1.580000000000000071e+00,7.800000000000000266e-01,5.000000000000000000e-01,1.100000000000000089e+00,6.999999999999999556e-01,1.699999999999999956e+00,1.780000000000000027e+00,1.459999999999999964e+00,1.979999999999999982e+00,9.799999999999999822e-01
1.500000000000000000e+00,1.739999999999999991e+00,1.340000000000000080e+00,1.580000000000000071e+00,9.000000000000000222e-01,2.200000000000000011e-01,3.000000000000000444e-01,6.600000000000000311e-01,1.620000000000000107e+00,5.999999999999999778e-02,6.199999999999999956e-01,1.979999999999999982e+00
1.219999999999999973e+00,1.340000000000000080e+00,2.000000000000000042e-02,8.200000000000000622e-01,6.199999999999999956e-01,1.580000000000000071e+00,7.800000000000000266e-01,5.000000000000000000e-01,1.899999999999999911e+00,1.500000000000000000e+00,1.400000000000000133e-01,1.620000000000000107e+00
4.200000000000000400e-01,1.500000000000000000e+00,1.020000000000000018e+00,1.660000000000000142e+00,1.580000000000000071e+00,4.200000000000000400e-01,9.399999999999999467e-01,7.399999999999999911e-01,1.580000000000000071e+00,2.600000000000000089e-01,3.399999999999999689e-01,3.000000000000000444e-01
9.799999999999999822e-01,5.999999999999999778e-02,2.200000000000000011e-01,8.599999999999999867e-01,1.699999999999999956e+00,3.000000000000000444e-01,1.060000000000000053e+00,1.739999999999999991e+00,1.020000000000000018e+00,5.400000000000000355e-01,1.000000000000000056e-01,1.340000000000000080e+00
1.899999999999999911e+00,6.600000000000000311e-01,1.540000000000000036e+00,1.540000000000000036e+00,6.999999999999999556e-01,2.000000000000000042e-02,1.100000000000000089e+00,8.200000000000000622e-01,1.540000000000000036e+00,1.979999999999999982e+00,7.399999999999999911e-01,8.200000000000000622e-01
1.419999999999999929e+00,1.939999999999999947e+00,1.260000000000000009e+00,1.979999999999999982e+00,1.140000000000000124e+00,1.340000000000000080e+00,1.400000000000000133e-01,1.459999999999999964e+00,1.300000000000000044e+00,1.860000000000000098e+00,7.800000000000000266e-01,4.599999999999999645e-01
6.199999999999999956e-01,1.799999999999999933e-01,1.100000000000000089e+00,5.400000000000000355e-01,9.799999999999999822e-01,1.179999999999999938e+00,1.620000000000000107e+00,9.399999999999999467e-01,1.400000000000000133e-01,3.800000000000000044e-01,1.060000000000000053e+00,7.399999999999999911e-01
1.060000000000000053e+00,1.899999999999999911e+00,8.200000000000000622e-01,2.000000000000000042e-02,1.540000000000000036e+00,1.799999999999999933e-01,3.800000000000000044e-01,1.899999999999999911e+00,4.599999999999999645e-01,2.200000000000000011e-01,5.400000000000000355e-01,1.820000000000000062e+00
3.000000000000000444e-01,3.399999999999999689e-01,1.780000000000000027e+00,4.599999999999999645e-01,1.799999999999999933e-01,5.400000000000000355e-01,1.780000000000000027e+00,1.020000000000000018e+00,1.820000000000000062e+00,1.400000000000000133e-01,1.739999999999999991e+00,1.260000000000000009e+00
7.399999999999999911e-01,4.599999999999999645e-01,1.799999999999999933e-01,1.179999999999999938e+00,7.399999999999999911e-01,1.979999999999999982e+00,1.660000000000000142e+00,1.939999999999999947e+00,1.739999999999999991e+00,1.939999999999999947e+00,1.660000000000000142e+00,1.400000000000000133e-01
1.739999999999999991e+00,1.219999999999999973e+00,8.599999999999999867e-01,1.860000000000000098e+00,1.380000000000000115e+00,1.020000000000000018e+00,1.340000000000000080e+00,1.400000000000000133e-01,2.600000000000000089e-01,5.000000000000000000e-01,1.219999999999999973e+00,1.500000000000000000e+00
1.699999999999999956e+00,1.260000000000000009e+00,6.999999999999999556e-01,9.000000000000000222e-01,1.979999999999999982e+00,7.399999999999999911e-01,1.140000000000000124e+00,5.800000000000000711e-01,5.400000000000000355e-01,8.599999999999999867e-01,9.399999999999999467e-01,4.200000000000000400e-01
5.800000000000000711e-01,1.459999999999999964e+00,1.300000000000000044e+00,1.620000000000000107e+00,2.600000000000000089e-01,1.400000000000000133e-01,1.179999999999999938e+00,1.799999999999999933e-01,1.660000000000000142e+00,1.780000000000000027e+00,1.820000000000000062e+00,1.020000000000000018e+00
1.300000000000000044e+00,9.000000000000000222e-01,1.380000000000000115e+00,1.419999999999999929e+00,1.860000000000000098e+00,1.739999999999999991e+00,1.899999999999999911e+00,1.380000000000000115e+00,1.380000000000000115e+00,1.300000000000000044e+00,2.200000000000000011e-01,1.860000000000000098e+00
8.200000000000000622e-01,1.540000000000000036e+00,4.599999999999999645e-01,1.799999999999999933e-01,5.800000000000000711e-01,5.800000000000000711e-01,8.599999999999999867e-01,1.540000000000000036e+00,1.459999999999999964e+00,6.600000000000000311e-01,9.799999999999999822e-01,9.000000000000000222e-01
1.100000000000000089e+00,1.780000000000000027e+00,1.419999999999999929e+00,1.219999999999999973e+00,1.060000000000000053e+00,6.199999999999999956e-01,1.260000000000000009e+00,1.580000000000000071e+00,1.219999999999999973e+00,1.340000000000000080e+00,8.200000000000000622e-01,3.800000000000000044e-01
6.999999999999999556e-01,1.060000000000000053e+00,1.500000000000000000e+00,3.000000000000000444e-01,1.500000000000000000e+00,3.399999999999999689e-01,6.600000000000000311e-01,2.600000000000000089e-01,1.500000000000000000e+00,1.540000000000000036e+00,1.939999999999999947e+00,5.400000000000000355e-01
1.660000000000000142e+00,2.000000000000000042e-02,1.620000000000000107e+00,1.739999999999999991e+00,3.000000000000000444e-01,6.600000000000000311e-01,4.200000000000000400e-01,1.219999999999999973e+00,5.999999999999999778e-02,1.140000000000000124e+00,1.100000000000000089e+00,9.399999999999999467e-01
1.400000000000000133e-01,1.400000000000000133e-01,1.660000000000000142e+00,1.140000000000000124e+00,1.780000000000000027e+00,8.200000000000000622e-01,1.699999999999999956e+00,4.200000000000000400e-01,3.800000000000000044e-01,1.260000000000000009e+00,1.260000000000000009e+00,1.060000000000000053e+00
1.820000000000000062e+00,1.580000000000000071e+00,1.179999999999999938e+00,6.199999999999999956e-01,5.999999999999999778e-02,1.300000000000000044e+00,5.800000000000000711e-01,9.000000000000000222e-01,1.260000000000000009e+00,1.620000000000000107e+00,1.540000000000000036e+00,1.799999999999999933e-01
1.020000000000000018e+00,1.979999999999999982e+00,1.739999999999999991e+00,6.999999999999999556e-01,1.459999999999999964e+00,5.999999999999999778e-02,5.400000000000000355e-01,1.000000000000000056e-01,5.800000000000000711e-01,1.219999999999999973e+00,6.999999999999999556e-01,1.179999999999999938e+00
8.599999999999999867e-01,1.860000000000000098e+00,1.219999999999999973e+00,3.800000000000000044e-01,5.400000000000000355e-01,1.219999999999999973e+00,4.599999999999999645e-01,3.800000000000000044e-01,8.599999999999999867e-01,1.179999999999999938e+00,1.459999999999999964e+00,2.600000000000000089e-01
1.979999999999999982e+00,8.200000000000000622e-01,1.899999999999999911e+00,1.000000000000000056e-01,2.000000000000000042e-02,4.599999999999999645e-01,9.000000000000000222e-01,1.780000000000000027e+00,8.200000000000000622e-01,8.200000000000000622e-01,1.899999999999999911e+00,1.300000000000000044e+00
9.399999999999999467e-01,2.200000000000000011e-01,9.799999999999999822e-01,3.399999999999999689e-01,1.340000000000000080e+00,8.599999999999999867e-01,1.580000000000000071e+00,1.179999999999999938e+00,5.000000000000000000e-01,1.660000000000000142e+00,4.599999999999999645e-01,1.899999999999999911e+00
1.140000000000000124e+00,2.600000000000000089e-01,1.939999999999999947e+00,5.800000000000000711e-01,1.660000000000000142e+00,1.459999999999999964e+00,1.540000000000000036e+00,1.620000000000000107e+00,1.939999999999999947e+00,1.100000000000000089e+00,1.699999999999999956e+00,1.580000000000000071e+00
3.399999999999999689e-01,1.020000000000000018e+00,5.400000000000000355e-01,1.100000000000000089e+00,9.399999999999999467e-01,1.699999999999999956e+00,1.300000000000000044e+00,1.660000000000000142e+00,1.419999999999999929e+00,9.799999999999999822e-01,1.620000000000000107e+00,1.459999999999999964e+00
1.939999999999999947e+00,7.800000000000000266e-01,1.860000000000000098e+00,1.820000000000000062e+00,3.399999999999999689e-01,1.140000000000000124e+00,1.020000000000000018e+00,1.060000000000000053e+00,1.140000000000000124e+00,2.000000000000000042e-02,1.340000000000000080e+00,5.800000000000000711e-01
5.000000000000000000e-01,5.000000000000000000e-01,6.199999999999999956e-01,5.000000000000000000e-01,1.620000000000000107e+00,5.000000000000000000e-01,1.419999999999999929e+00,1.140000000000000124e+00,4.200000000000000400e-01,1.699999999999999956e+00,2.600000000000000089e-01,1.380000000000000115e+00
2.000000000000000042e-02,1.820000000000000062e+00,5.999999999999999778e-02,2.600000000000000089e-01,1.260000000000000009e+00,7.800000000000000266e-01,3.399999999999999689e-01,1.260000000000000009e+00,1.799999999999999933e-01,1.580000000000000071e+00,1.020000000000000018e+00,1.660000000000000142e+00
1.459999999999999964e+00,1.620000000000000107e+00,6.600000000000000311e-01,1.020000000000000018e+00,1.020000000000000018e+00,1.060000000000000053e+00,1.219999999999999973e+00,5.400000000000000355e-01,6.600000000000000311e-01,1.739999999999999991e+00,1.799999999999999933e-01,1.540000000000000036e+00
1.260000000000000009e+00,9.399999999999999467e-01,3.399999999999999689e-01,2.200000000000000011e-01,1.419999999999999929e+00,3.800000000000000044e-01,2.600000000000000089e-01,1.979999999999999982e+00,3.399999999999999689e-01,1.799999999999999933e-01,6.600000000000000311e-01,2.200000000000000011e-01
4.599999999999999645e-01,1.380000000000000115e+00,1.699999999999999956e+00,1.699999999999999956e+00,4.599999999999999645e-01,1.380000000000000115e+00,1.459999999999999964e+00,1.340000000000000080e+00,9.799999999999999822e-01,9.000000000000000222e-01,3.000000000000000444e-01,1.939999999999999947e+00
5.400000000000000355e-01,1.140000000000000124e+00,4.200000000000000400e-01,1.899999999999999911e+00,1.400000000000000133e-01,9.000000000000000222e-01,1.799999999999999933e-01,1.860000000000000098e+00,9.399999999999999467e-01,6.999999999999999556e-01,1.500000000000000000e+00,3.399999999999999689e-01
1.780000000000000027e+00,8.599999999999999867e-01,1.140000000000000124e+00,9.399999999999999467e-01,1.100000000000000089e+00,2.600000000000000089e-01,1.979999999999999982e+00,1.100000000000000089e+00,6.999999999999999556e-01,9.399999999999999467e-01,5.999999999999999778e-02,1.699999999999999956e+00
1.000000000000000056e-01,1.000000000000000056e-01,9.399999999999999467e-01,7.399999999999999911e-01,3.800000000000000044e-01,1.780000000000000027e+00,2.200000000000000011e-01,2.200000000000000011e-01,6.199999999999999956e-01,6.199999999999999956e-01,3.800000000000000044e-01,7.800000000000000266e-01
0.000000000000000000e+00,2.000000000000000000e+00,6.157051103691998373e-01,9.540786456147508365e-02,1.686180830584027790e+00,1.079003071034024819e+00,7.645987434342186306e-01,2.000000000000000000e+00,0.000000000000000000e+00,2.780016965460951339e-01,1.429509259002779142e+00,0.000000000000000000e+00
1.555908606069678068e+00,1.134818136239783337e+00,0.000000000000000000e+00,0.000000000000000000e+00,1.924976867700282535e+00,0.000000000000000000e+00,0.000000000000000000e+00,2.000000000000000000e+00,2.785437432211164133e-01,0.000000000000000000e+00,0.000000000000000000e+00,0.000000000000000000e+00
3.294056506224872782e-01,1.249229503051618728e+00,4.515054822836316317e-01,7.853468071752723878e-01,1.078440196986117927e+00,1.095711087411928686e+00,0.000000000000000000e+00,2.000000000000000000e+00,0.000000000000000000e+00,0.000000000000000000e+00,9.317991157795251222e-01,0.000000000000000000e+00
0.000000000000000000e+00,1.789802775912759936e+00,0.000000000000000000e+00,1.587323313848281403e+00,4.868498049842140962e-01,3.025464929138017567e-01,8.344451066313944843e-01,2.000000000000000000e+00,0.000000000000000000e+00,0.000000000000000000e+00,8.847229136923246973e-01,0.000000000000000000e+00
0.000000000000000000e+00,2.000000000000000000e+00,0.000000000000000000e+00,2.000000000000000000e+00,8.860873636195296665e-01,2.000000000000000000e+00,0.000000000000000000e+00,2.000000000000000000e+00,1.023690013225437179e+00,1.388013798433875179e+00,0.000000000000000000e+00,0.000000000000000000e+00
0.000000000000000000e+00,2.000000000000000000e+00,9.214296666247859813e-01,0.000000000000000000e+00,1.696464030482393470e+00,2.000000000000000000e+00,0.000000000000000000e+00,2.000000000000000000e+00,2.000000000000000000e+00,9.185352212809885231e-01,5.865154758499161458e-01,0.000000000000000000e+00
2.000000000000000000e+00,0.000000000000000000e+00,2.000000000000000000e+00,2.000000000000000000e+00,0.000000000000000000e+00,0.000000000000000000e+00,0.000000000000000000e+00,2.000000000000000000e+00,2.000000000000000000e+00,2.000000000000000000e+00,5.338425918328921771e-01,0.000000000000000000e+00
1.044647380092724287e+00,1.233815036958109568e+00,0.000000000000000000e+00,0.000000000000000000e+00,1.871490902729702865e+00,2.000000000000000000e+00,0.000000000000000000e+00,1.784970598650419848e+00,0.000000000000000000e+00,8.608409993614113409e-01,7.644051639817683874e-01,0.000000000000000000e+00
1.891191469390635760e+00,0.000000000000000000e+00,4.759780154648691752e-01,0.000000000000000000e+00,1.125397476024836196e+00,0.000000000000000000e+00,3.752766352694517638e-01,2.000000000000000000e+00,0.000000000000000000e+00,0.000000000000000000e+00,1.774353962634866555e+00,0.000000000000000000e+00
0.000000000000000000e+00,0.000000000000000000e+00,5.580163956483508159e-01,2.000000000000000000e+00,8.094430686262884533e-01,2.000000000000000000e+00,2.000000000000000000e+00,2.000000000000000000e+00,0.000000000000000000e+00,1.322031820104957234e+00,1.398137825427616887e+00,0.000000000000000000e+00
1.545204101800063734e+00,4.738910867723790110e-01,5.744938955166924988e-01,0.000000000000000000e+00,1.722110387227241191e+00,6.711431017057608583e-01,0.000000000000000000e+00,2.000000000000000000e+00,0.000000000000000000e+00,5.052735190953039357e-01,6.710859020786105189e-01,0.000000000000000000e+00
2.576778298055832916e-01,9.571744672781428154e-01,0.000000000000000000e+00,0.000000000000000000e+00,2.000000000000000000e+00,0.000000000000000000e+00,3.938301690854408843e-01,2.000000000000000000e+00,0.000000000000000000e+00,0.000000000000000000e+00,8.670180590161399303e-01,0.000000000000000000e+00
0.000000000000000000e+00,1.351157977942361588e-01,0.000000000000000000e+00,4.665728994529765861e-01,1.132324241030748135e+00,1.222421316342586994e+00,4.230877895657941257e-01,2.000000000000000000e+00,4.268365533105620280e-01,0.000000000000000000e+00,8.895860176532857100e-01,0.000000000000000000e+00
1.112761826484538918e+00,1.400921967841996629e+00,2.000000000000000000e+00,0.000000000000000000e+00,1.325268081702237533e+00,2.000000000000000000e+00,0.000000000000000000e+00,2.000000000000000000e+00,1.286990593376424741e+00,0.000000000000000000e+00,8.410859670908150676e-01,0.000000000000000000e+00
9.260937352980164183e-01,1.460579550279505812e+00,0.000000000000000000e+00,2.000000000000000000e+00,9.812201594164947638e-01,4.708815955677359000e-01,1.477924444337298526e+00,2.000000000000000000e+00,2.297649630309418212e-01,0.000000000000000000e+00,2.000000000000000000e+00,0.000000000000000000e+00
1.249393616625555259e+00,1.933031327043207348e+00,7.768933618194934221e-01,3.514342775673472419e-01,1.185437835311603294e+00,1.045389886139609148e+00,0.000000000000000000e+00,2.000000000000000000e+00,0.000000000000000000e+00,0.000000000000000000e+00,3.679820299939247086e-01,0.000000000000000000e+00
5.827162898140202385e-01,2.000000000000000000e+00,1.584823285323646302e-01,1.013973468772715325e+00,1.279596614942439592e+00,2.000000000000000000e+00,0.000000000000000000e+00,1.985358166890551557e+00,0.000000000000000000e+00,6.349108625360673219e-01,1.175159082189771054e+00,0.000000000000000000e+00
7.502382903030933026e-01,0.000000000000000000e+00,2.000000000000000000e+00,8.005651342960884431e-01,9.528776126415025027e-01,2.000000000000000000e+00,0.000000000000000000e+00,0.000000000000000000e+00,0.000000000000000000e+00,2.000000000000000000e+00,0.000000000000000000e+00,0.000000000000000000e+00
1.097693307737667601e+00,2.000000000000000000e+00,7.595634333764222923e-01,2.000000000000000000e+00,1.201816654704209064e+00,2.000000000000000000e+00,0.000000000000000000e+00,2.000000000000000000e+00,2.000000000000000000e+00,0.000000000000000000e+00,0.000000000000000000e+00,0.000000000000000000e+00
1.924490898255298621e+00,1.788157688105300958e+00,2.969456889910939701e-01,4.632658845948361970e-01,1.036095325261199296e+00,2.000000000000000000e+00,0.000000000000000000e+00,1.233684673764797068e+00,0.000000000000000000e+00,0.000000000000000000e+00,0.000000000000000000e+00,0.000000000000000000e+00
9.319611051183011030e-01,2.000000000000000000e+00,9.847518497713557695e-01,0.000000000000000000e+00,1.049267072156840674e+00,9.227371708270148964e-01,0.000000000000000000e+00,2.000000000000000000e+00,3.860366516826037597e-01,0.000000000000000000e+00,0.000000000000000000e+00,0.000000000000000000e+00
2.000000000000000000e+00,2.000000000000000000e+00,0.000000000000000000e+00,0.000000000000000000e+00,9.867234434069883653e-01,2.000000000000000000e+00,0.000000000000000000e+00,6.853297204792588859e-01,1.164253422431492213e+00,0.000000000000000000e+00,4.714899593902556196e-01,0.000000000000000000e+00
2.000000000000000000e+00,0.000000000000000000e+00,2.000000000000000000e+00,2.000000000000000000e+00,7.504027461540370147e-01,0.000000000000000000e+00,2.000000000000000000e+00,0.000000000000000000e+00,2.000000000000000000e+00,0.000000000000000000e+00,0.000000000000000000e+00,0.000000000000000000e+00
0.000000000000000000e+00,0.000000000000000000e+00,0.000000000000000000e+00,1.188615789929334143e+00,0.000000000000000000e+00,0.000000000000000000e+00,2.000000000000000000e+00,0.000000000000000000e+00,0.000000000000000000e+00,2.000000000000000000e+00,0.000000000000000000e+00,2.000000000000000000e+00
0.000000000000000000e+00,2.000000000000000000e+00,0.000000000000000000e+00,4.861448335173036428e-01,2.000000000000000000e+00,2.000000000000000000e+00,2.000000000000000000e+00,2.000000000000000000e+00,0.000000000000000000e+00,2.000000000000000000e+00,2.000000000000000000e+00,2.000000000000000000e+00
2.000000000000000000e+00,2.000000000000000000e+00,1.326014415711380234e+00,0.000000000000000000e+00,1.169507057586204102e+00,2.000000000000000000e+00,0.000000000000000000e+00,2.000000000000000000e+00,2.000000000000000000e+00,0.000000000000000000e+00,5.146313229492770480e-01,0.000000000000000000e+00
2.000000000000000000e+00,0.000000000000000000e+00,0.000000000000000000e+00,0.000000000000000000e+00,2.000000000000000000e+00,0.000000000000000000e+00,2.000000000000000000e+00,2.000000000000000000e+00,3.704385758979137355e-01,2.000000000000000000e+00,2.000000000000000000e+00,0.000000000000000000e+00
1.111820546717855018e+00,2.000000000000000000e+00,2.000000000000000000e+00,9.531825174561993075e-01,9.614898636169920687e-01,0.000000000000000000e+00,0.000000000000000000e+00,2.000000000000000000e+00,0.000000000000000000e+00,0.000000000000000000e+00,5.532524188705059132e-01,0.000000000000000000e+00
2.000000000000000000e+00,2.000000000000000000e+00,1.303298626621002265e+00,2.000000000000000000e+00,2.000000000000000000e+00,1.884699961171446114e+00,2.000000000000000000e+00,2.000000000000000000e+00,2.000000000000000000e+00,2.000000000000000000e+00,2.000000000000000000e+00,0.000000000000000000e+00
6.779006038623091035e-01,2.000000000000000000e+00,4.856316021833395058e-01,4.210079848867254726e-01,0.000000000000000000e+00,6.408682708196266065e-01,0.000000000000000000e+00,2.000000000000000000e+00,2.733940238841526260e-01,0.000000000000000000e+00,0.000000000000000000e+00,0.000000000000000000e+00
2.533845368161029565e-01,2.000000000000000000e+00,2.000000000000000000e+00,3.598229727825505986e-01,1.499255267863071506e+00,2.000000000000000000e+00,0.000000000000000000e+00,2.000000000000000000e+00,0.000000000000000000e+00,0.000000000000000000e+00,0.000000000000000000e+00,0.000000000000000000e+00
8.068329903547791782e-01,2.000000000000000000e+00,0.000000000000000000e+00,1.007303386799169642e+00,2.000000000000000000e+00,2.000000000000000000e+00,0.000000000000000000e+00,1.015504344647317980e+00,1.181486399471150861e+00,2.000000000000000000e+00,0.000000000000000000e+00,2.000000000000000000e+00
1.170338954681239718e+00,2.000000000000000000e+00,0.000000000000000000e+00,1.016905178091025208e+00,8.531717624162464819e-01,2.000000000000000000e+00,0.000000000000000000e+00,2.000000000000000000e+00,0.000000000000000000e+00,0.000000000000000000e+00,2.000000000000000000e+00,0.000000000000000000e+00
1.354403159876491625e+00,1.182379396243373293e+00,1.952604638864736897e+00,0.000000000000000000e+00,1.108083210241881167e+00,1.762251565665883701e+00,0.000000000000000000e+00,2.000000000000000000e+00,0.000000000000000000e+00,7.687653626478033742e-01,0.000000000000000000e+00,0.000000000000000000e+00
1.370470862929035638e+00,1.114502777197946992e+00,1.989492705345169976e-01,1.998658377164848510e+00,1.053867460977154114e+00,0.000000000000000000e+00,0.000000000000000000e+00,2.000000000000000000e+00,0.000000000000000000e+00,2.000000000000000000e+00,6.526955027184463409e-01,0.000000000000000000e+00
2.766760012457372686e-01,2.000000000000000000e+00,5.308506030031944212e-01,3.477036714359567071e-01,1.404197083522628731e+00,2.000000000000000000e+00,0.000000000000000000e+00,2.000000000000000000e+00,2.000000000000000000e+00,0.000000000000000000e+00,4.491053910463649879e-01,0.000000000000000000e+00
2.000000000000000000e+00,7.010957060555808029e-01,1.839586986222126352e+00,2.000000000000000000e+00,2.000000000000000000e+00,0.000000000000000000e+00,0.000000000000000000e+00,0.000000000000000000e+00,2.000000000000000000e+00,2.000000000000000000e+00,0.000000000000000000e+00,2.000000000000000000e+00
1.851448586305173949e+00,2.000000000000000000e+00,9.359457770776967722e-01,3.657078440933427821e-01,1.306303000032367656e+00,1.148048584590706023e+00,2.921499979870040287e-01,2.000000000000000000e+00,0.000000000000000000e+00,0.000000000000000000e+00,4.622682616808709843e-01,0.000000000000000000e+00
1.047558716523027345e+00,2.000000000000000000e+00,6.759828991253475916e-01,4.464301327383263240e-01,1.240342495018480484e+00,2.000000000000000000e+00,0.000000000000000000e+00,2.000000000000000000e+00,0.000000000000000000e+00,0.000000000000000000e+00,1.301927558069397584e-01,4.494517800882757430e-01
2.000000000000000000e+00,2.000000000000000000e+00,5.802559602774123304e-01,0.000000000000000000e+00,2.000000000000000000e+00,9.196230638534554913e-01,0.000000000000000000e+00,2.000000000000000000e+00,0.000000000000000000e+00,0.000000000000000000e+00,3.863852045711674288e-01,1.735073133578830529e-01
0.000000000000000000e+00,0.000000000000000000e+00,2.000000000000000000e+00,0.000000000000000000e+00,2.000000000000000000e+00,2.000000000000000000e+00,0.000000000000000000e+00,0.000000000000000000e+00,2.000000000000000000e+00,0.000000000000000000e+00,2.000000000000000000e+00,1.139806353049055421e+00
0.000000000000000000e+00,2.000000000000000000e+00,0.000000000000000000e+00,2.000000000000000000e+00,8.958296591544969711e-01,1.349227557248624976e+00,0.000000000000000000e+00,0.000000000000000000e+00,0.000000000000000000e+00,7.103781341481396616e-01,7.072956945352081304e-01,0.000000000000000000e+00
0.000000000000000000e+00,0.000000000000000000e+00,1.243425015794930033e+00,0.000000000000000000e+00,2.000000000000000000e+00,2.000000000000000000e+00,2.000000000000000000e+00,2.000000000000000000e+00,2.000000000000000000e+00,2.000000000000000000e+00,0.000000000000000000e+00,1.700321488010906101e+00
0.000000000000000000e+00,1.394531717204770649e+00,6.647896917076385748e-01,2.000000000000000000e+00,8.199936251596507963e-01,2.000000000000000000e+00,7.729246787152374010e-01,2.000000000000000000e+00,0.000000000000000000e+00,2.000000000000000000e+00,4.434399304835540123e-01,0.000000000000000000e+00
0.000000000000000000e+00,2.000000000000000000e+00,7.353630298646123276e-01,2.000000000000000000e+00,0.000000000000000000e+00,1.333913415100089317e+00,8.644120245470425790e-01,2.000000000000000000e+00,0.000000000000000000e+00,2.000000000000000000e+00,4.600967089120165388e-01,0.000000000000000000e+00
0.000000000000000000e+00,7.759114199176057047e-01,1.893762568248670730e+00,2.000000000000000000e+00,1.079930490417804201e+00,2.000000000000000000e+00,7.350596453586278889e-01,2.000000000000000000e+00,0.000000000000000000e+00,2.000000000000000000e+00,4.713043561650190338e-01,0.000000000000000000e+00
0.000000000000000000e+00,1.262107795637188001e+00,1.064698877690938073e+00,2.000000000000000000e+00,1.296913529119396280e+00,2.000000000000000000e+00,4.769232645030629381e-01,2.000000000000000000e+00,0.000000000000000000e+00,0.000000000000000000e+00,5.594694903207294567e-01,0.000000000000000000e+00
0.000000000000000000e+00,1.121708860452870438e+00,5.834015779570709270e-01,1.491488190290591320e-01,1.022344076409091196e+00,2.000000000000000000e+00,1.077274141114678230e+00,2.000000000000000000e+00,0.000000000000000000e+00,2.000000000000000000e+00,4.723504928553302062e-01,0.000000000000000000e+00
0.000000000000000000e+00,1.796757743119000716e+00,2.000000000000000000e+00,2.000000000000000000e+00,6.053560499308381360e-01,2.000000000000000000e+00,0.000000000000000000e+00,1.122353930627075336e+00,7.263392879962299320e-01,2.000000000000000000e+00,4.517699826376378458e-01,0.000000000000000000e+00
0.000000000000000000e+00,1.162592526148625627e+00,0.000000000000000000e+00,1.356777492617465830e+00,1.153606733033065046e+00,2.000000000000000000e+00,1.061844295686659390e+00,2.000000000000000000e+00,0.000000000000000000e+00,2.000000000000000000e+00,4.535353976034594559e-01,0.000000000000000000e+00
0.000000000000000000e+00,1.262259252436830126e+00,1.645339675299011262e+00,2.000000000000000000e+00,7.336274622174681070e-01,2.000000000000000000e+00,1.140488106093594967e+00,2.000000000000000000e+00,0.000000000000000000e+00,2.000000000000000000e+00,6.127879723710808468e-01,0.000000000000000000e+00
0.000000000000000000e+00,1.308402642137469929e+00,1.023017469746705377e+00,2.000000000000000000e+00,9.621734925420456497e-01,2.000000000000000000e+00,0.000000000000000000e+00,1.105828486417868906e+00,2.000000000000000000e+00,2.000000000000000000e+00,4.520734386429664520e-01,0.000000000000000000e+00
0.000000000000000000e+00,1.197370363502232804e+00,7.481248555431979641e-01,0.000000000000000000e+00,1.029567929574440877e+00,2.000000000000000000e+00,6.058987919839334824e-01,2.000000000000000000e+00,0.000000000000000000e+00,2.000000000000000000e+00,2.000000000000000000e+00,0.000000000000000000e+00
0.000000000000000000e+00,6.458450795669903322e-01,2.000000000000000000e+00,2.000000000000000000e+00,1.450597879839482518e+00,2.000000000000000000e+00,0.000000000000000000e+00,1.379397047852967351e+00,0.000000000000000000e+00,2.000000000000000000e+00,4.439810900574713837e-01,5.743140958272605623e-01
0.000000000000000000e+00,1.357240933131987071e-01,2.000000000000000000e+00,2.000000000000000000e+00,1.421190127446155582e+00,2.000000000000000000e+00,5.414482766837829253e-01,2.000000000000000000e+00,0.000000000000000000e+00,0.000000000000000000e+00,5.781252896440578493e-01,0.000000000000000000e+00
0.000000000000000000e+00,8.794294166993500417e-01,1.247247803290510992e+00,0.000000000000000000e+00,7.698422383283858306e-01,2.000000000000000000e+00,7.672691998464222785e-01,2.000000000000000000e+00,0.000000000000000000e+00,2.000000000000000000e+00,3.399947539841821631e-01,0.000000000000000000e+00
0.000000000000000000e+00,8.809862047535576002e-01,1.134018272440455277e+00,0.000000000000000000e+00,7.633031244322222575e-01,2.000000000000000000e+00,7.486716756482826307e-01,5.816618551076189192e-01,0.000000000000000000e+00,2.000000000000000000e+00,2.407737817381906953e-01,0.000000000000000000e+00
0.000000000000000000e+00,4.314487220580136562e-01,1.451084799264965142e+00,0.000000000000000000e+00,8.285546175268502234e-01,2.000000000000000000e+00,1.034960195865185062e+00,2.000000000000000000e+00,0.000000000000000000e+00,2.000000000000000000e+00,3.407851400078480419e-01,0.000000000000000000e+00
0.000000000000000000e+00,1.206029906081990566e+00,1.202344545696390377e+00,0.000000000000000000e+00,8.920265711289798727e-01,2.000000000000000000e+00,6.017736783300742243e-01,2.000000000000000000e+00,0.000000000000000000e+00,2.000000000000000000e+00,4.132834075891104186e-01,0.000000000000000000e+00
0.000000000000000000e+00,8.798816365484242175e-01,1.393030851069444909e+00,0.000000000000000000e+00,9.272673633328177845e-01,2.000000000000000000e+00,8.903152018786194555e-01,2.000000000000000000e+00,1.528259558614518454e+00,2.000000000000000000e+00,1.303226341356971962e-01,0.000000000000000000e+00
0.000000000000000000e+00,7.825264275626022670e-01,1.016738705914874474e+00,4.879960331752503100e-02,6.535911485440670798e-01,2.000000000000000000e+00,7.310783200223549549e-01,2.000000000000000000e+00,0.000000000000000000e+00,2.000000000000000000e+00,3.209534093267820687e-01,0.000000000000000000e+00
0.000000000000000000e+00,8.631978930942326711e-01,1.108758020755827189e+00,0.000000000000000000e+00,3.752880183313336282e-01,2.000000000000000000e+00,7.714578042975803740e-01,2.000000000000000000e+00,0.000000000000000000e+00,2.000000000000000000e+00,8.684342101640321610e-02,0.000000000000000000e+00
0.000000000000000000e+00,8.692734342284021976e-01,1.172089863619939498e+00,0.000000000000000000e+00,4.697400368871571530e-01,2.000000000000000000e+00,8.096718760670564841e-01,2.000000000000000000e+00,0.000000000000000000e+00,2.000000000000000000e+00,3.266032078123647098e-02,0.000000000000000000e+00
0.000000000000000000e+00,9.129074029579888894e-01,1.249789849907569028e+00,7.370456263286694065e-02,3.539218516365036371e-01,2.000000000000000000e+00,7.253176542992297859e-01,2.000000000000000000e+00,0.000000000000000000e+00,2.000000000000000000e+00,1.866953302520062419e-01,0.000000000000000000e+00
0.000000000000000000e+00,1.166530401529656258e+00,1.183024752106230482e+00,3.570943678392430320e-01,7.387523433854749078e-01,2.000000000000000000e+00,1.332186353275534585e-01,2.000000000000000000e+00,0.000000000000000000e+00,2.000000000000000000e+00,2.562117605657909247e-01,0.000000000000000000e+00
0.000000000000000000e+00,8.854478698408005943e-01,9.949213156045636497e-01,0.000000000000000000e+00,3.414449885585046918e-01,2.000000000000000000e+00,1.133188757541273795e+00,2.000000000000000000e+00,0.000000000000000000e+00,2.000000000000000000e+00,1.601650333294228068e-01,0.000000000000000000e+00
0.000000000000000000e+00,4.255898885083553851e-01,1.014192043274046551e+00,0.000000000000000000e+00,6.335372489411975061e-02,2.000000000000000000e+00,7.231951848243991510e-01,2.000000000000000000e+00,0.000000000000000000e+00,2.000000000000000000e+00,5.596833769847214118e-02,0.000000000000000000e+00
0.000000000000000000e+00,1.046882352545976058e+00,9.500124757201301451e-01,0.000000000000000000e+00,3.606952948870773001e-01,2.000000000000000000e+00,4.456274321969332930e-01,2.000000000000000000e+00,0.000000000000000000e+00,2.000000000000000000e+00,2.341485512570465610e-01,0.000000000000000000e+00
0.000000000000000000e+00,5.990653696787656690e-01,1.221621419121183605e+00,0.000000000000000000e+00,3.509364091151820908e-01,2.000000000000000000e+00,6.105268535146173292e-01,2.000000000000000000e+00,1.180014731628111102e+00,2.000000000000000000e+00,1.375558157364414891e-01,0.000000000000000000e+00
0.000000000000000000e+00,7.292173578779871379e-01,8.388062956596807895e-01,0.000000000000000000e+00,7.231212667790232196e-01,2.000000000000000000e+00,5.184691518659051424e-01,2.000000000000000000e+00,0.000000000000000000e+00,2.000000000000000000e+00,4.965040742100637616e-01,0.000000000000000000e+00
0.000000000000000000e+00,1.205462361645336378e+00,1.312783387740492191e+00,1.279253724090892552e+00,8.009262169977274803e-01,2.000000000000000000e+00,1.076858427691994358e+00,2.000000000000000000e+00,0.000000000000000000e+00,2.000000000000000000e+00,3.375926745402383911e-01,0.000000000000000000e+00
0.000000000000000000e+00,1.456910633249272946e+00,1.076697726564824542e+00,0.000000000000000000e+00,4.437769155871613691e-01,2.000000000000000000e+00,7.706667676278327050e-01,2.000000000000000000e+00,0.000000000000000000e+00,2.000000000000000000e+00,1.894697059842369025e-01,0.000000000000000000e+00
0.000000000000000000e+00,1.292856496291638235e+00,1.052266592394718980e+00,0.000000000000000000e+00,7.510783016315464300e-01,2.000000000000000000e+00,1.101319187186079462e+00,2.000000000000000000e+00,0.000000000000000000e+00,2.000000000000000000e+00,3.192975573340364748e-01,0.000000000000000000e+00
9.962404549090176920e-01,1.195499983034641334e+00,1.310825327269945495e+00,0.000000000000000000e+00,7.292134894252868538e-01,2.000000000000000000e+00,1.013129845726285394e+00,2.000000000000000000e+00,0.000000000000000000e+00,2.000000000000000000e+00,3.133617165383463798e-01,0.000000000000000000e+00
0.000000000000000000e+00,1.368830297578714550e+00,1.056216801785211823e+00,3.154618562336126975e-02,7.230074367641861066e-01,2.000000000000000000e+00,1.128364357571579601e+00,2.000000000000000000e+00,0.000000000000000000e+00,2.000000000000000000e+00,3.397006321129358852e-01,0.000000000000000000e+00
0.000000000000000000e+00,1.536782198449101688e+00,1.321810745026889666e+00,0.000000000000000000e+00,7.450201848794781867e-01,2.000000000000000000e+00,1.206534552526919102e+00,2.000000000000000000e+00,0.000000000000000000e+00,2.000000000000000000e+00,3.330304487796680868e-01,0.000000000000000000e+00
1.476346448209136797e-01,1.288018216210986333e+00,9.897593072886673449e-01,3.157939404746006318e-01,7.269261065763721330e-01,2.000000000000000000e+00,1.512102914425107691e+00,2.000000000000000000e+00,0.000000000000000000e+00,2.000000000000000000e+00,3.451494123893800170e-01,0.000000000000000000e+00
0.000000000000000000e+00,1.775490006589682146e+00,9.853639887195109193e-01,2.335030522963503219e-01,7.004103779796316820e-01,2.000000000000000000e+00,8.304956038041683142e-01,2.000000000000000000e+00,0.000000000000000000e+00,2.000000000000000000e+00,3.408186693726324989e-01,0.000000000000000000e+00
0.000000000000000000e+00,1.416976194935625211e+00,1.078619979393306227e+00,8.335145916343980610e-02,6.948182838458549782e-01,2.000000000000000000e+00,9.072036214004646215e-01,2.000000000000000000e+00,0.000000000000000000e+00,2.000000000000000000e+00,3.361557724717678663e-01,0.000000000000000000e+00
1.332385981914330497e-01,1.773994693978101500e+00,1.099793786296145104e+00,5.162962564270893173e-01,7.745678106484130687e-01,2.000000000000000000e+00,9.964252826889397063e-01,2.000000000000000000e+00,0.000000000000000000e+00,2.000000000000000000e+00,3.532614880221540687e-01,0.000000000000000000e+00
0.000000000000000000e+00,1.121007871318366433e+00,1.583315333681494463e+00,1.754453366316736318e+00,8.616723462403469425e-01,2.000000000000000000e+00,1.038338815795352810e+00,2.000000000000000000e+00,0.000000000000000000e+00,2.000000000000000000e+00,3.439051223962193982e-01,0.000000000000000000e+00
3.388015417839751464e-01,2.000000000000000000e+00,7.472514979287491199e-01,0.000000000000000000e+00,7.062375164041410081e-01,2.000000000000000000e+00,1.170695363823637480e+00,2.000000000000000000e+00,0.000000000000000000e+00,2.000000000000000000e+00,3.560743441049554203e-01,0.000000000000000000e+00
1.272145306859650826e-01,1.533759784749946009e+00,1.055347441562157540e+00,0.000000000000000000e+00,7.490766588238922941e-01,2.000000000000000000e+00,1.124959944864065475e+00,2.000000000000000000e+00,4.016931520685393386e-01,2.000000000000000000e+00,3.524574069625706629e-01,0.000000000000000000e+00
0.000000000000000000e+00,1.110180292001130775e+00,1.301766915515317757e+00,1.394746516350236831e+00,7.438769883628788548e-01,2.000000000000000000e+00,5.642811035793805496e-01,2.000000000000000000e+00,0.000000000000000000e+00,2.000000000000000000e+00,3.502962265281532317e-01,0.000000000000000000e+00
2.055717525134654611e-01,2.000000000000000000e+00,8.702531498816573619e-01,4.100242090414003360e-04,7.313817474040492650e-01,1.776097554822851698e+00,1.187244355507553584e+00,2.000000000000000000e+00,0.000000000000000000e+00,1.255578403646788077e+00,3.475807941010499724e-01,0.000000000000000000e+00
5.928312675136768739e-01,1.084155511306546416e+00,7.810673622654574766e-01,2.611137757298342410e-01,4.018185120167644397e-01,2.000000000000000000e+00,7.487676167385031167e-01,2.000000000000000000e+00,0.000000000000000000e+00,2.000000000000000000e+00,1.499416955403779783e-01,0.000000000000000000e+00
0.000000000000000000e+00,1.212720094862764997e+00,1.314298555171459881e+00,1.475379678188347032e+00,8.737979792788420630e-01,2.000000000000000000e+00,1.124117576469170876e+00,2.000000000000000000e+00,0.000000000000000000e+00,2.000000000000000000e+00,4.347429270703150883e-01,0.000000000000000000e+00
6.138914077564717325e-03,1.822696465310041480e+00,9.895776687584411091e-01,1.047099241844868661e-01,7.575696796232723740e-01,2.000000000000000000e+00,8.425146324467951420e-01,2.000000000000000000e+00,0.000000000000000000e+00,2.000000000000000000e+00,3.400090557448355311e-01,0.000000000000000000e+00
2.241892291766595796e-02,1.480660599172702874e+00,1.049608258766936197e+00,0.000000000000000000e+00,6.828312154306733772e-01,2.000000000000000000e+00,1.091533426207040414e+00,2.000000000000000000e+00,0.000000000000000000e+00,2.000000000000000000e+00,3.313882152440815188e-01,0.000000000000000000e+00
0.000000000000000000e+00,1.347616887391761997e+00,9.863882241807913065e-01,8.783918149938686470e-01,7.406854451780989779e-01,2.000000000000000000e+00,1.074845055979510411e+00,2.000000000000000000e+00,0.000000000000000000e+00,2.000000000000000000e+00,3.364109739030927138e-01,0.000000000000000000e+00
4.443681781069194203e-01,1.246795373096668103e+00,7.964286446426380728e-01,2.383753643068300676e-01,6.422543706402773500e-01,2.000000000000000000e+00,1.019771349501945812e+00,2.000000000000000000e+00,0.000000000000000000e+00,2.000000000000000000e+00,3.089183928399101831e-01,0.000000000000000000e+00
5.722277857135802392e-01,1.455131639614735795e+00,5.977744522476112765e-01,2.091012402187154839e-02,7.878132179343300123e-01,2.000000000000000000e+00,1.229216164160121139e+00,2.000000000000000000e+00,0.000000000000000000e+00,2.000000000000000000e+00,3.887862283570380773e-01,0.000000000000000000e+00
0.000000000000000000e+00,1.338624488930052703e+00,1.227807958844239877e+00,4.989923390552843396e-01,7.652145668207134266e-01,2.000000000000000000e+00,1.081807219750435145e+00,2.000000000000000000e+00,0.000000000000000000e+00,2.000000000000000000e+00,3.170098693574193716e-01,0.000000000000000000e+00
4.293739571300173030e-01,2.000000000000000000e+00,8.435613967008926961e-01,5.635090234028748007e-02,7.457703464720047970e-01,2.000000000000000000e+00,1.171263153121667289e+00,2.000000000000000000e+00,0.000000000000000000e+00,2.000000000000000000e+00,3.636754511643481846e-01,0.000000000000000000e+00
8.683873807476866213e-01,1.239768720157543136e+00,1.068939253486344887e+00,0.000000000000000000e+00,6.821705366203568710e-01,2.000000000000000000e+00,1.168979974419934287e+00,2.000000000000000000e+00,0.000000000000000000e+00,2.000000000000000000e+00,3.002689790500436828e-01,0.000000000000000000e+00
3.982395849608426075e-01,1.565699321844654657e+00,5.249563719546983531e-01,2.216178980578946967e-01,6.730011637472453900e-01,2.000000000000000000e+00,1.630919746979118790e+00,2.000000000000000000e+00,0.000000000000000000e+00,2.000000000000000000e+00,3.505017606673942465e-01,0.000000000000000000e+00
2.887216317408675126e-01,1.871654989295536087e+00,6.285454365698126544e-01,7.436844082744986650e-01,7.675600520645010638e-01,2.000000000000000000e+00,1.155637510284216685e+00,2.000000000000000000e+00,0.000000000000000000e+00,2.000000000000000000e+00,4.206708972412100955e-01,0.000000000000000000e+00
0.000000000000000000e+00,1.424804496746094440e+00,1.121217109003171286e+00,0.000000000000000000e+00,7.901601956699694229e-01,2.000000000000000000e+00,1.161808093626705674e+00,2.000000000000000000e+00,0.000000000000000000e+00,2.000000000000000000e+00,3.466846989403560841e-01,0.000000000000000000e+00
5.185538158678422785e-03,1.663383611912483850e+00,4.172138313977181712e-01,0.000000000000000000e+00,6.983179402526609181e-01,2.000000000000000000e+00,9.072040254544780913e-01,2.000000000000000000e+00,0.000000000000000000e+00,2.000000000000000000e+00,3.057693073529386130e-01,0.000000000000000000e+00
0.000000000000000000e+00,1.417622509106240658e+00,8.040135295630919110e-01,0.000000000000000000e+00,7.055182621342774851e-01,2.000000000000000000e+00,8.555022994332884823e-01,2.000000000000000000e+00,0.000000000000000000e+00,2.000000000000000000e+00,2.866822601893680433e-01,0.000000000000000000e+00
0.000000000000000000e+00,1.408189225291730073e+00,1.084757100165036681e+00,0.000000000000000000e+00,7.403040882595355310e-01,2.000000000000000000e+00,7.873556010050472009e-01,2.000000000000000000e+00,0.000000000000000000e+00,2.000000000000000000e+00,5.604514206843337343e-01,0.000000000000000000e+00
4.941965061768948675e-01,1.709040733137144441e+00,5.364380711538824231e-01,0.000000000000000000e+00,6.826996146202967131e-01,2.000000000000000000e+00,8.555018896810662188e-01,2.000000000000000000e+00,0.000000000000000000e+00,2.000000000000000000e+00,3.737192260172231828e-01,3.866739586794511185e-02
4.033860585079797612e-01,2.000000000000000000e+00,5.696735422405926341e-01,0.000000000000000000e+00,6.814615929474749922e-01,2.000000000000000000e+00,9.917826894746004651e-01,2.000000000000000000e+00,0.000000000000000000e+00,2.000000000000000000e+00,3.390079701487381247e-01,0.000000000000000000e+00
5.573515770834004401e-01,9.836884894225980114e-01,7.964121618314345952e-01,9.861641199521233025e-02,6.386981272085114902e-01,1.999999859122978840e+00,8.425145171636715391e-01,1.999999915192929079e+00,0.000000000000000000e+00,2.000000000000000000e+00,3.655069802528488343e-01,5.455040947614626934e-02
3.211953141400238354e-01,1.007064684705724078e+00,1.238409716273689343e+00,9.566509449503459144e-04,6.906474201669895452e-01,2.000000000000000000e+00,1.206540080735201359e+00,2.000000000000000000e+00,0.000000000000000000e+00,2.000000000000000000e+00,3.607355274666949052e-01,5.473469934279839855e-02
2.899903125822644312e-01,2.000000000000000000e+00,1.027723998680017736e+00,0.000000000000000000e+00,7.119471190903857716e-01,2.000000000000000000e+00,1.551415337130451322e+00,2.000000000000000000e+00,0.000000000000000000e+00,2.000000000000000000e+00,3.290758218431843463e-01,0.000000000000000000e+00
0.000000000000000000e+00,1.470000713743900844e+00,6.991108630899880438e-01,0.000000000000000000e+00,7.063060053790880533e-01,2.000000000000000000e+00,9.436473761703888519e-01,2.000000000000000000e+00,0.000000000000000000e+00,2.000000000000000000e+00,3.761408524213207816e-01,1.533437231116453574e-02
7.856664123236728470e-01,1.469034320645080660e+00,6.861027225988675093e-01,0.000000000000000000e+00,6.776985335433483026e-01,1.999999996781133049e+00,8.555010772835319743e-01,2.000000000000000000e+00,0.000000000000000000e+00,2.000000000000000000e+00,3.551582437652728297e-01,6.599087527089479710e-02
0.000000000000000000e+00,1.158581577837654697e+00,1.406585190452789069e+00,0.000000000000000000e+00,7.557575802307309187e-01,2.000000000000000000e+00,1.263685847647075144e+00,2.000000000000000000e+00,0.000000000000000000e+00,2.000000000000000000e+00,3.736961321955490911e-01,5.364865245705683142e-03
4.362662537691760489e-01,1.670068351796941908e+00,6.524254472629756885e-01,0.000000000000000000e+00,7.135955446300763505e-01,2.000000000000000000e+00,1.000277763381520080e+00,2.000000000000000000e+00,0.000000000000000000e+00,2.000000000000000000e+00,3.756589123562011356e-01,2.712472526619251131e-02
5.093443214548754039e-01,1.270460194004249921e+00,4.128751679023148768e-01,3.512220741445881145e-01,6.789789438697375612e-01,2.000000000000000000e+00,9.164814006958599268e-01,2.000000000000000000e+00,0.000000000000000000e+00,2.000000000000000000e+00,3.937823329153824492e-01,0.000000000000000000e+00
7.369257839387811926e-02,1.053269725654450761e+00,1.103191658866520264e+00,7.554207957340479396e-02,4.097473881087616565e-01,2.000000000000000000e+00,8.197479185391305379e-01,2.000000000000000000e+00,6.276758812783986285e-02,2.000000000000000000e+00,1.883225334378955673e-01,2.249384157493037380e-03
5.228684960779368396e-01,1.357758594769060467e+00,4.998221540199231372e-01,4.551403342328380064e-01,6.438240196457158948e-01,2.000000000000000000e+00,1.183656727973469769e+00,2.000000000000000000e+00,0.000000000000000000e+00,2.000000000000000000e+00,4.037530882743609606e-01,1.039070372792451485e-01
2.266536291759117527e-01,1.573638960194055025e+00,7.924271272648385489e-01,0.000000000000000000e+00,7.361730966117756569e-01,2.000000000000000000e+00,7.254143657499260156e-01,2.000000000000000000e+00,1.930792694326641289e-03,2.000000000000000000e+00,3.517303587288216904e-01,0.000000000000000000e+00
0.000000000000000000e+00,1.185267776980327259e+00,1.071476561835795316e+00,2.912927085498335789e-01,6.161866014497316968e-01,2.000000000000000000e+00,1.205920205914381871e+00,2.000000000000000000e+00,0.000000000000000000e+00,2.000000000000000000e+00,2.549532813176531021e-01,0.000000000000000000e+00
3.456324445747020468e-01,1.015678236505630050e+00,6.894990478039015880e-01,0.000000000000000000e+00,6.734589704973671376e-01,2.000000000000000000e+00,1.276620803281522276e+00,2.000000000000000000e+00,0.000000000000000000e+00,2.000000000000000000e+00,3.718989926880282293e-01,0.000000000000000000e+00
5.965907933904891491e-01,1.377482759977505467e+00,5.495678904314115210e-01,0.000000000000000000e+00,7.192480597406136766e-01,2.000000000000000000e+00,7.316672661052923132e-01,2.000000000000000000e+00,0.000000000000000000e+00,2.000000000000000000e+00,3.591423783033294570e-01,1.945070400142491973e-03
3.581804134739604017e-01,1.509231647430726353e+00,1.080884334839789851e+00,0.000000000000000000e+00,6.767092050058176600e-01,2.000000000000000000e+00,1.043451091415372733e+00,2.000000000000000000e+00,0.000000000000000000e+00,2.000000000000000000e+00,3.764886602235786861e-01,7.627561458609163902e-02
2.599846243294127168e-01,6.128085598013834900e-01,1.332934375118292047e+00,2.831089848426587285e-01,7.424809701984111943e-01,1.999999997557658338e+00,1.263685745617331158e+00,2.000000000000000000e+00,0.000000000000000000e+00,2.000000000000000000e+00,3.192078076948450249e-01,0.000000000000000000e+00
3.739493888602162253e-01,1.578230055552571676e+00,6.461262531312460533e-01,0.000000000000000000e+00,7.319353797902499181e-01,2.000000000000000000e+00,1.275951362060624650e+00,2.000000000000000000e+00,0.000000000000000000e+00,2.000000000000000000e+00,3.250402235625010072e-01,0.000000000000000000e+00
4.778640390966169549e-01,9.592125433372978849e-01,6.233304663676740853e-01,3.225858633817636073e-02,7.183063242621776645e-01,2.000000000000000000e+00,9.139245858683509027e-01,2.000000000000000000e+00,0.000000000000000000e+00,2.000000000000000000e+00,3.270721998029159638e-01,0.000000000000000000e+00
9.087355639694685294e-01,1.359898218148972937e+00,1.013640072841164752e+00,0.000000000000000000e+00,7.031577371333311843e-01,1.999999998043708871e+00,8.425145609165227700e-01,2.000000000000000000e+00,0.000000000000000000e+00,2.000000000000000000e+00,3.437742051679202882e-01,3.964576879484040667e-02
5.583116790299137433e-01,1.342795804845086760e+00,6.267765059504109004e-01,0.000000000000000000e+00,6.743195730398902077e-01,2.000000000000000000e+00,8.849470828772043607e-01,2.000000000000000000e+00,0.000000000000000000e+00,2.000000000000000000e+00,3.444896294734597353e-01,0.000000000000000000e+00
3.112236354572097130e-01,8.878175392037276348e-01,1.082053376455030635e+00,3.142315538760486610e-02,7.566097850773781941e-01,2.000000000000000000e+00,1.066320206264287362e+00,2.000000000000000000e+00,0.000000000000000000e+00,2.000000000000000000e+00,3.343144145635309483e-01,0.000000000000000000e+00
0.000000000000000000e+00,1.409955454250759521e+00,5.829892168134632735e-01,0.000000000000000000e+00,7.907778223614446711e-01,2.000000000000000000e+00,5.957020806489105036e-01,2.000000000000000000e+00,0.000000000000000000e+00,2.000000000000000000e+00,3.662474894511600354e-01,1.322280727536880585e-01
3.651300786360293649e-01,2.000000000000000000e+00,5.990287673774334909e-01,0.000000000000000000e+00,6.991858024299046903e-01,2.000000000000000000e+00,1.311172295768212814e+00,2.000000000000000000e+00,0.000000000000000000e+00,2.000000000000000000e+00,3.861014105596639601e-01,0.000000000000000000e+00
0.000000000000000000e+00,9.626113954443452636e-01,8.116257288989345842e-01,0.000000000000000000e+00,6.794852598628638995e-01,2.000000000000000000e+00,1.113812927590587698e+00,2.000000000000000000e+00,0.000000000000000000e+00,2.000000000000000000e+00,3.767668399669589774e-01,6.746555225659826328e-03
5.157589979676620029e-01,1.673725405549788547e+00,6.785378914917160609e-01,0.000000000000000000e+00,5.811013399552106273e-01,2.000000000000000000e+00,1.006956916127362378e+00,2.000000000000000000e+00,0.000000000000000000e+00,2.000000000000000000e+00,2.919620631013722378e-01,0.000000000000000000e+00
0.000000000000000000e+00,1.343968933993986425e+00,1.256401164218391875e+00,0.000000000000000000e+00,5.068121420087947637e-01,2.000000000000000000e+00,1.097311433403022285e+00,2.000000000000000000e+00,0.000000000000000000e+00,2.000000000000000000e+00,3.253235046948577680e-01,0.000000000000000000e+00
6.886623941866558685e-01,1.708203069610606306e+00,5.398325447169526337e-01,0.000000000000000000e+00,6.599250410380382847e-01,2.000000000000000000e+00,8.524977357979941495e-01,2.000000000000000000e+00,0.000000000000000000e+00,2.000000000000000000e+00,3.536494842737642474e-01,0.000000000000000000e+00
4.382183703678124154e-01,9.909200086852123501e-01,7.989885774211111791e-01,1.814273657902581716e-01,6.387110420859660742e-01,2.000000000000000000e+00,8.299587444612285259e-01,2.000000000000000000e+00,0.000000000000000000e+00,2.000000000000000000e+00,3.653897283123329620e-01,0.000000000000000000e+00
4.096887379469971169e-01,9.556174678019193625e-01,1.162055266998350600e+00,2.126470028952920088e-01,7.580375720906030734e-01,2.000000000000000000e+00,1.174092612580296846e+00,2.000000000000000000e+00,0.000000000000000000e+00,2.000000000000000000e+00,3.610612087454615482e-01,0.000000000000000000e+00
6.283324733974680054e-01,1.500342787306762515e+00,3.887989218674817726e-01,3.189302287585118467e-01,7.182230686659895058e-01,2.000000000000000000e+00,5.360565655873279489e-01,2.000000000000000000e+00,0.000000000000000000e+00,2.000000000000000000e+00,3.444440650560338102e-01,0.000000000000000000e+00
8.514142427625691623e-01,9.411514005724679333e-01,8.186818468423087136e-01,5.740741820589972955e-01,5.242880515662982077e-01,2.000000000000000000e+00,6.116645689421852383e-01,2.000000000000000000e+00,0.000000000000000000e+00,2.000000000000000000e+00,3.094845309942334532e-01,0.000000000000000000e+00
4.262534485545216995e-02,1.058083943383762993e+00,1.263896775831777175e+00,1.571119692988761848e-02,5.120837792129260269e-01,2.000000000000000000e+00,1.138421131072016257e+00,2.000000000000000000e+00,0.000000000000000000e+00,2.000000000000000000e+00,1.860819488248302012e-01,0.000000000000000000e+00
6.015896012832431389e-02,1.033170615485881072e+00,1.173739333723409217e+00,4.513896389031946677e-01,4.263812274139445191e-01,2.000000000000000000e+00,1.192250483190971044e+00,2.000000000000000000e+00,0.000000000000000000e+00,2.000000000000000000e+00,3.164190166394851289e-01,0.000000000000000000e+00
0.000000000000000000e+00,1.906388002668951698e+00,7.997040454489643402e-01,0.000000000000000000e+00,6.934708787169094890e-01,2.000000000000000000e+00,6.286035077151737316e-02,2.000000000000000000e+00,0.000000000000000000e+00,2.000000000000000000e+00,3.755000623357255818e-01,0.000000000000000000e+00
5.111068733334594300e-02,1.465486681315005590e+00,4.711643474856367919e-01,9.088189757717746176e-01,7.325432670516587308e-01,1.798144475500596640e+00,8.432565949648601622e-01,2.000000000000000000e+00,0.000000000000000000e+00,2.000000000000000000e+00,3.751398886128098353e-01,0.000000000000000000e+00
2.503279013394559827e-01,1.840625291540333830e+00,7.537072810483118612e-01,0.000000000000000000e+00,6.352799949723926254e-01,2.000000000000000000e+00,1.132697750510168078e+00,2.000000000000000000e+00,0.000000000000000000e+00,2.000000000000000000e+00,2.325099395841967176e-01,0.000000000000000000e+00
2.615672392965781023e-01,1.841777992238499806e+00,7.460762021223088514e-01,0.000000000000000000e+00,6.556020658309144045e-01,2.000000000000000000e+00,1.053463210542396222e+00,2.000000000000000000e+00,0.000000000000000000e+00,1.964157583493745252e+00,3.565354049704416162e-01,3.866013370932199628e-02
0.000000000000000000e+00,1.006795275749338359e+00,1.141112269879083430e+00,2.276527317631542591e-01,4.305954536121537335e-01,2.000000000000000000e+00,9.226547279261138046e-01,2.000000000000000000e+00,0.000000000000000000e+00,2.000000000000000000e+00,1.940820153427338102e-01,0.000000000000000000e+00
3.279673078882626158e-01,1.772180622480748591e+00,6.480728924646332878e-01,0.000000000000000000e+00,6.957910890363240286e-01,2.000000000000000000e+00,9.705243013360932425e-01,2.000000000000000000e+00,0.000000000000000000e+00,2.000000000000000000e+00,3.240907258395905322e-01,9.277060802731733336e-02
0.000000000000000000e+00,1.837287337503649365e+00,8.334701216650014510e-01,2.811222969238495175e-04,7.179170961585227273e-01,2.000000000000000000e+00,9.076477337642316900e-01,2.000000000000000000e+00,0.000000000000000000e+00,2.000000000000000000e+00,3.099004735349520367e-01,0.000000000000000000e+00
0.000000000000000000e+00,1.001433674669258256e+00,1.204514852795025792e+00,8.112092578714521496e-01,6.570390125699322459e-01,2.000000000000000000e+00,1.604821219152815059e+00,2.000000000000000000e+00,0.000000000000000000e+00,2.000000000000000000e+00,3.358082769012335489e-01,0.000000000000000000e+00
3.218854082808201289e-01,1.550017606462511965e+00,6.661431518126588180e-01,0.000000000000000000e+00,6.936528254037482855e-01,2.000000000000000000e+00,1.130460279639276422e+00,2.000000000000000000e+00,0.000000000000000000e+00,2.000000000000000000e+00,3.227340555528790400e-01,0.000000000000000000e+00
4.839364105484328382e-01,1.652622217948306549e+00,5.474991883569135798e-01,0.000000000000000000e+00,6.432067142039016305e-01,2.000000000000000000e+00,1.056034921545944805e+00,2.000000000000000000e+00,9.492252196357753259e-04,2.000000000000000000e+00,3.764758631130095679e-01,2.769561027986891522e-01
5.338165761007508392e-01,1.633979056922629791e+00,6.587542101079270074e-01,0.000000000000000000e+00,6.214894873818984644e-01,2.000000000000000000e+00,1.008540012170552780e+00,2.000000000000000000e+00,2.110703027765030958e-03,2.000000000000000000e+00,3.189003110291332987e-01,1.014567548957836796e-01
1.844734555523238340e-01,8.940493269176202906e-01,1.251768540215196346e+00,1.536222324056356892e-01,5.103337082568568661e-01,1.981905781967546742e+00,1.210262308326637282e+00,2.000000000000000000e+00,0.000000000000000000e+00,2.000000000000000000e+00,2.706036199361387951e-01,0.000000000000000000e+00
0.000000000000000000e+00,1.200717122994962693e+00,1.248117102614185514e+00,0.000000000000000000e+00,6.501617990696022531e-01,1.958577282646637885e+00,1.204585047174524526e+00,2.000000000000000000e+00,0.000000000000000000e+00,2.000000000000000000e+00,3.415920541951696920e-01,1.658838249962161018e-02
0.000000000000000000e+00,1.351124832503117323e+00,6.267114038907154461e-01,0.000000000000000000e+00,5.351475633418665279e-01,2.000000000000000000e+00,8.648291057514990721e-01,2.000000000000000000e+00,0.000000000000000000e+00,2.000000000000000000e+00,3.774441170377426658e-01,1.625952855670409827e-02
3.500838171071919414e-01,1.827635545770333936e+00,7.397039604166579796e-01,0.000000000000000000e+00,6.525128361576646441e-01,1.991007761017446809e+00,1.047064902381150908e+00,2.000000000000000000e+00,0.000000000000000000e+00,2.000000000000000000e+00,3.118415125020373990e-01,3.071907127565906906e-02
1.167584761910081814e-01,2.000000000000000000e+00,9.754222381921604512e-01,0.000000000000000000e+00,6.954058277858615744e-01,2.000000000000000000e+00,8.529833840404489331e-01,2.000000000000000000e+00,0.000000000000000000e+00,2.000000000000000000e+00,2.976062736877509995e-01,7.671846069768374632e-02
3.261044431763814866e-01,1.682655906439101123e+00,6.435318562329493952e-01,0.000000000000000000e+00,6.434685428079955916e-01,2.000000000000000000e+00,1.285257230466218425e+00,2.000000000000000000e+00,0.000000000000000000e+00,2.000000000000000000e+00,3.366126854472691887e-01,2.581562591173596280e-02
6.616573588104424086e-02,9.910125333715336104e-01,1.242474472251102968e+00,1.079524411678336043e-01,5.916633874644606772e-01,2.000000000000000000e+00,1.139008999610876538e+00,2.000000000000000000e+00,0.000000000000000000e+00,1.985357910281378979e+00,3.373443009076720345e-01,0.000000000000000000e+00
3.266500561941598213e-01,1.017240831925947830e+00,1.258062017388986042e+00,6.355231373048340071e-01,6.513555519640614744e-01,2.000000000000000000e+00,1.230956027673970166e+00,2.000000000000000000e+00,0.000000000000000000e+00,2.000000000000000000e+00,2.930466552804790181e-01,4.023532849546467699e-02
4.095519817385490091e-01,1.574448692737601130e+00,6.470094779848797328e-01,0.000000000000000000e+00,6.474741479574300795e-01,2.000000000000000000e+00,1.276568661012005057e+00,2.000000000000000000e+00,0.000000000000000000e+00,1.929452724513702089e+00,2.787237614083284964e-01,0.000000000000000000e+00
8.720611631242167205e-02,1.016124145684973890e+00,1.417927972722609731e+00,7.821277518659315309e-01,4.037393043254750569e-01,2.000000000000000000e+00,1.695734537495085847e+00,2.000000000000000000e+00,0.000000000000000000e+00,2.000000000000000000e+00,2.602206140568592008e-01,0.000000000000000000e+00
6.056402071902577955e-01,1.558911282209826998e+00,5.392078447373425121e-01,0.000000000000000000e+00,6.798785939656364352e-01,2.000000000000000000e+00,8.245790119564481158e-01,2.000000000000000000e+00,0.000000000000000000e+00,2.000000000000000000e+00,3.457519939884789451e-01,1.219217654982122402e-02
1.857013742855699034e-01,1.970309506887110818e+00,7.123890718043583981e-01,0.000000000000000000e+00,7.045843079889836380e-01,2.000000000000000000e+00,9.349712832677246066e-01,2.000000000000000000e+00,0.000000000000000000e+00,1.973154029625165951e+00,3.121617562800890755e-01,8.386476378232554998e-03
2.360398254274507016e-02,1.150068030888065751e+00,1.408787352101580570e+00,1.172905584188700806e-01,7.756555836033360851e-01,1.863704949203817796e+00,1.270746751955964315e+00,2.000000000000000000e+00,0.000000000000000000e+00,2.000000000000000000e+00,2.841983063831225453e-01,7.671159516877566753e-02
7.874483266114209457e-01,1.373330075326332889e+00,4.928928121141584184e-01,2.217617864499509261e-01,7.752225522591948970e-01,2.000000000000000000e+00,7.675483516213713608e-01,2.000000000000000000e+00,0.000000000000000000e+00,2.000000000000000000e+00,3.893998379132781462e-01,1.526392884881482559e-01
1.830070068805463371e-02,1.382575069709738536e+00,1.076910720080935358e+00,0.000000000000000000e+00,7.398581069425294032e-01,2.000000000000000000e+00,9.034028966146412376e-01,2.000000000000000000e+00,0.000000000000000000e+00,1.965936502310675627e+00,3.223933683105860148e-01,6.325476391340462134e-02
5.115416749155743403e-01,1.364156290318125464e+00,7.510341664760422642e-01,1.213251451008674903e-01,5.401878986492523183e-01,2.000000000000000000e+00,9.946552932539622915e-01,2.000000000000000000e+00,9.489128316871863486e-04,1.839982630547926767e+00,2.112315946294560098e-01,3.504602828089439792e-02
0.000000000000000000e+00,1.292062826492887950e+00,1.288946403315841538e+00,5.669206503108285000e-01,3.952933960685191539e-01,2.000000000000000000e+00,1.082643109070702714e+00,2.000000000000000000e+00,0.000000000000000000e+00,2.000000000000000000e+00,2.647881519374720716e-01,8.527316826558909921e-03
6.395015124125235095e-01,9.660343646704595555e-01,6.169362016871952070e-01,8.712627615486687183e-02,5.884328486944992997e-01,1.997598171572934289e+00,9.124125066340260659e-01,2.000000000000000000e+00,8.354495589072420377e-04,2.000000000000000000e+00,3.498139304915600101e-01,0.000000000000000000e+00
1.423410290827719360e-01,1.549565239846674825e+00,8.621388795932966032e-01,4.516272706380833335e-02,5.734164463153392788e-01,1.929094449051719229e+00,8.802275127188255999e-01,2.000000000000000000e+00,1.638065354095004638e-04,2.000000000000000000e+00,1.730724406881208322e-01,9.215543787231360306e-02
2.645012947038573037e-01,1.684047744609690866e+00,6.730857204964061369e-01,0.000000000000000000e+00,7.154688138034516198e-01,2.000000000000000000e+00,9.689389716302098110e-01,2.000000000000000000e+00,0.000000000000000000e+00,2.000000000000000000e+00,3.828189518822137649e-01,2.427841857177510665e-01
2.822242917082317115e-01,8.835995103349224555e-01,1.069878264977156546e+00,3.028026593155630150e-02,4.879850704567092468e-01,1.961674811684204434e+00,1.057715548432002661e+00,2.000000000000000000e+00,6.280165723077836548e-02,1.875956031608017049e+00,2.883620679783771568e-01,1.362992397396292285e-02
2.464542998002050012e-01,1.486479199634689330e+00,8.072592607444080137e-01,6.261751606417502725e-01,4.970242468644628375e-01,2.000000000000000000e+00,9.946642878473032079e-01,2.000000000000000000e+00,1.468468160278739454e-04,1.925927475708308911e+00,2.229640009890868635e-01,0.000000000000000000e+00
0.000000000000000000e+00,1.507056281636264039e+00,8.641817388265252697e-01,0.000000000000000000e+00,6.057705182773992503e-01,1.923690499510065433e+00,8.728393499875131134e-01,2.000000000000000000e+00,0.000000000000000000e+00,1.968027617341810753e+00,3.576973505329164027e-01,1.324742574571712017e-01
0.000000000000000000e+00,1.179547559975526072e+00,1.265806281730665672e+00,0.000000000000000000e+00,7.144655629332862246e-01,1.937358954959388591e+00,1.219709056793092605e+00,2.000000000000000000e+00,0.000000000000000000e+00,2.000000000000000000e+00,2.911951160154567786e-01,6.560937857623989899e-02
1.867186257113520598e-01,1.040060164780728158e+00,1.421773951919801382e+00,3.919729707602126467e-01,6.876741628423104213e-01,1.878464944963616823e+00,1.282166991948717527e+00,2.000000000000000000e+00,0.000000000000000000e+00,1.981376258709449223e+00,2.321836185225888693e-01,8.768481084078759424e-02
0.000000000000000000e+00,1.251213839862848953e+00,1.252822591296681720e+00,3.165267973895642961e-01,7.305017349989156861e-01,1.753135994161111100e+00,1.219405344744731945e+00,2.000000000000000000e+00,0.000000000000000000e+00,1.805099875630641337e+00,3.288326293267084255e-01,2.531137397295618249e-02
5.669804616851789048e-01,1.619789627324882630e+00,7.220014418981649529e-01,0.000000000000000000e+00,6.308598163011693849e-01,2.000000000000000000e+00,6.187346406746262462e-01,2.000000000000000000e+00,0.000000000000000000e+00,1.855683856291352685e+00,2.860644859641738869e-01,2.272584668179149919e-02
3.379981871165083085e-01,7.583629407141760925e-01,1.124610710809479386e+00,1.959978150245605955e-01,7.392951816122986797e-01,1.980426199065907777e+00,1.136030830331300256e+00,2.000000000000000000e+00,4.281680309696780755e-03,1.988648217418509834e+00,3.248525009746294212e-01,1.370477101756125138e-01
0.000000000000000000e+00,1.344516876611591139e+00,1.499163840653192414e+00,1.395650879705317288e-02,6.469431546431957392e-01,1.945116917670161261e+00,1.273269654730668332e+00,2.000000000000000000e+00,0.000000000000000000e+00,1.982381290723230549e+00,2.582824195431560610e-01,2.224513940046239993e-02
2.489782716852748101e-01,2.000000000000000000e+00,7.528928024232457439e-01,0.000000000000000000e+00,6.365177594083449852e-01,2.000000000000000000e+00,1.113520900222099375e+00,2.000000000000000000e+00,0.000000000000000000e+00,2.000000000000000000e+00,2.664894876595690909e-01,1.654153489495053531e-01
5.730568402476646783e-01,1.108161677917471222e+00,9.358608915004394957e-01,0.000000000000000000e+00,6.729897026820342854e-01,2.000000000000000000e+00,6.960913432426313330e-01,2.000000000000000000e+00,0.000000000000000000e+00,1.970487285586494330e+00,2.976051061667063236e-01,1.262880250922529257e-01
1.010721669598476785e-01,1.161482145863943050e+00,1.281175566805784483e+00,5.830899146815039513e-01,4.066762096683157468e-01,2.000000000000000000e+00,1.148091841452401063e+00,2.000000000000000000e+00,0.000000000000000000e+00,2.000000000000000000e+00,1.932813034797992435e-01,2.076467356894926702e-02
5.279569153581107344e-01,1.032826232640750019e+00,5.580339349202365629e-01,1.102468307667529429e-01,7.051175448688298264e-01,2.000000000000000000e+00,6.735721170860217155e-01,2.000000000000000000e+00,5.473896349689649429e-03,2.000000000000000000e+00,4.143589188051669536e-01,9.531990603800876219e-03
4.243193570303355755e-01,1.348317907357118095e+00,5.089478844047315986e-01,7.146075097081534822e-02,7.472195983840922429e-01,1.999427610625732266e+00,8.160553134358153882e-01,2.000000000000000000e+00,0.000000000000000000e+00,2.000000000000000000e+00,3.029888268803381246e-01,1.884483350668644808e-02
3.751331666675874477e-01,1.318246401494062248e+00,3.155419183116568438e-01,3.687244537007319800e-01,7.306495325985383760e-01,1.956959170489261490e+00,1.009040964259359185e+00,2.000000000000000000e+00,0.000000000000000000e+00,2.000000000000000000e+00,3.645590366832600626e-01,0.000000000000000000e+00
0.000000000000000000e+00,1.289564440768172782e+00,1.272221664964867660e+00,7.835678318094885242e-02,7.165941356518703564e-01,2.000000000000000000e+00,1.219371413851338293e+00,2.000000000000000000e+00,0.000000000000000000e+00,2.000000000000000000e+00,3.189194744305692275e-01,7.919884028310321400e-02
7.175375520331602752e-01,1.627436755209842545e+00,7.275408105626725019e-01,2.708689747294965380e-02,5.528515311824327982e-01,2.000000000000000000e+00,6.097652526415199281e-01,2.000000000000000000e+00,0.000000000000000000e+00,1.995003595353673109e+00,2.810792164875978161e-01,1.987987455758524064e-02
4.672374801287260682e-01,7.768651309973074737e-01,8.432662174914441477e-01,0.000000000000000000e+00,6.623460431395801207e-01,2.000000000000000000e+00,8.812555119594175368e-01,2.000000000000000000e+00,0.000000000000000000e+00,1.972932406566379582e+00,3.211784015353589816e-01,0.000000000000000000e+00
0.000000000000000000e+00,1.389695614800660284e+00,1.454038689139757867e+00,4.340328827786617549e-01,7.934497632604365913e-01,1.964660847335225613e+00,1.271308571925374720e+00,2.000000000000000000e+00,0.000000000000000000e+00,2.000000000000000000e+00,3.437736465767036176e-01,5.144675893868148192e-02
6.418651749759844982e-01,1.283429448472467094e+00,9.169096812212327308e-01,5.309762727547866490e-01,5.234344547837431749e-01,2.000000000000000000e+00,5.912967631032773896e-01,2.000000000000000000e+00,0.000000000000000000e+00,1.954637895275399329e+00,3.427117170796665779e-01,2.818717135843661764e-02
0.000000000000000000e+00,1.182318897749347730e+00,1.100370290932250361e+00,0.000000000000000000e+00,7.251040405228179608e-01,1.710542598206401088e+00,9.691933103912629965e-01,2.000000000000000000e+00,0.000000000000000000e+00,2.000000000000000000e+00,3.352790536784197584e-01,4.320892272328739903e-02
3.890979685151951251e-01,9.430551718232834668e-01,1.033163141159904042e+00,2.591033087180748540e-01,7.003457613441909091e-01,2.000000000000000000e+00,1.210376745093158624e+00,2.000000000000000000e+00,0.000000000000000000e+00,2.000000000000000000e+00,3.864201725791782671e-01,4.122855003286440140e-02
4.737268048618382688e-01,1.379987476942452274e+00,5.433750516383226703e-01,0.000000000000000000e+00,7.001409052498214214e-01,2.000000000000000000e+00,9.421918741877680636e-01,2.000000000000000000e+00,0.000000000000000000e+00,2.000000000000000000e+00,2.814431070887145614e-01,5.890170556836654692e-02
3.911652037424710737e-02,1.729487583974649745e+00,7.783904675109835081e-01,0.000000000000000000e+00,5.784108918564208057e-01,2.000000000000000000e+00,5.877141892155198777e-01,2.000000000000000000e+00,0.000000000000000000e+00,2.000000000000000000e+00,1.261499273277507382e-01,6.127119790330048249e-02
6.613046333382439634e-01,1.396377158612243541e+00,7.504737206987758258e-01,0.000000000000000000e+00,6.170253409617754148e-01,1.948026477045016414e+00,1.002034229760491835e+00,2.000000000000000000e+00,0.000000000000000000e+00,2.000000000000000000e+00,2.131629109444601045e-01,1.669636908146203066e-02
2.397826629892581829e-01,9.282052024389754186e-01,1.363214954718327876e+00,0.000000000000000000e+00,8.610709089634260849e-01,2.000000000000000000e+00,1.267798110453621119e+00,2.000000000000000000e+00,0.000000000000000000e+00,2.000000000000000000e+00,3.214564212308042013e-01,4.091182443205907543e-02
1.784159003883319661e-01,7.199797177486284561e-01,1.098882654016340332e+00,0.000000000000000000e+00,8.573515285903742233e-01,1.945899851111330792e+00,1.082442656358610700e+00,2.000000000000000000e+00,0.000000000000000000e+00,2.000000000000000000e+00,2.828778686569722867e-01,1.390747172919677395e-03
1.154618095082783208e-01,1.661108802024590103e+00,6.827075356770401227e-01,0.000000000000000000e+00,6.813401267850845988e-01,1.954842479924131515e+00,1.288504054589957537e+00,2.000000000000000000e+00,6.049637608770107311e-03,2.000000000000000000e+00,2.115018075678400389e-01,1.049674710174099967e-01
4.590578986958178676e-01,9.574058350074868828e-01,7.670954050564362525e-01,0.000000000000000000e+00,7.637992288097796845e-01,1.999213795994569720e+00,8.560519437137825705e-01,2.000000000000000000e+00,0.000000000000000000e+00,2.000000000000000000e+00,2.913155004637262846e-01,0.000000000000000000e+00
2.900376603102137740e-01,1.035988000137740173e+00,1.257311977747274323e+00,0.000000000000000000e+00,7.691943289741296486e-01,2.000000000000000000e+00,1.222942484371026595e+00,2.000000000000000000e+00,0.000000000000000000e+00,1.984005566435526946e+00,2.947680899422015499e-01,6.731791350597929324e-02
0.000000000000000000e+00,1.047144144821906098e+00,1.169755245698655965e+00,1.025181203911956329e+00,2.866447017697147936e-01,1.990889844831749134e+00,1.197495458205308116e+00,2.000000000000000000e+00,0.000000000000000000e+00,2.000000000000000000e+00,2.960462295407748079e-01,2.004666686507771203e-02
2.709661741610114305e-01,1.212541119082627405e+00,1.396891567006438128e+00,0.000000000000000000e+00,7.198787061762977890e-01,1.897268135710767467e+00,1.233383876312794225e+00,2.000000000000000000e+00,0.000000000000000000e+00,2.000000000000000000e+00,3.442330277465698862e-01,0.000000000000000000e+00
9.131431984539102554e-04,1.715123229726619236e+00,1.127493184753026734e+00,0.000000000000000000e+00,7.341137578180984002e-01,1.904493558950891785e+00,7.908392051608875706e-01,2.000000000000000000e+00,0.000000000000000000e+00,1.981453145424376672e+00,2.208230266126645636e-01,1.025829871600276999e-01
2.836944419266703155e-01,9.114462337313313789e-01,1.538533101527830960e+00,7.080126489693623279e-03,7.662663242154839072e-01,1.898762363781451468e+00,1.286836480959070661e+00,2.000000000000000000e+00,0.000000000000000000e+00,2.000000000000000000e+00,3.208718107607825831e-01,3.109739506229431891e-02
3.353636958159012527e-01,9.238177362293081840e-01,1.355200252336413946e+00,0.000000000000000000e+00,7.186565858304900800e-01,1.994537030045894221e+00,9.536391843143391389e-01,2.000000000000000000e+00,0.000000000000000000e+00,2.000000000000000000e+00,3.299016383479340120e-01,6.993423343855188767e-02
0.000000000000000000e+00,1.201201625276939522e+00,1.400475381203603487e+00,3.893347561409124524e-01,3.884618683508130887e-01,1.978263639673939700e+00,1.215636201452859444e+00,2.000000000000000000e+00,0.000000000000000000e+00,2.000000000000000000e+00,1.479660708243236977e-01,2.421234828170140338e-02
1.042402171863686444e+00,1.583987475556460689e+00,5.570144708561067803e-01,1.013307006074746081e-01,6.061565751742288288e-01,1.958229887747270359e+00,1.080142585155452251e+00,2.000000000000000000e+00,6.586534698150186325e-04,1.899141933611860678e+00,1.944909555428394055e-01,1.090314478002445686e-01
0.000000000000000000e+00,1.057530084825340166e+00,1.370828127533523677e+00,0.000000000000000000e+00,7.114225968528931077e-01,1.937551709166551950e+00,1.457524020841176382e+00,2.000000000000000000e+00,0.000000000000000000e+00,2.000000000000000000e+00,2.974010325650057185e-01,9.345220313560942405e-02
4.395662560946722031e-01,8.713931184650313133e-01,8.944251623017889230e-01,1.020308481274561954e-05,7.236660044057936503e-01,2.000000000000000000e+00,8.979577338229930428e-01,2.000000000000000000e+00,5.138084800167124627e-03,2.000000000000000000e+00,3.545285797292027086e-01,7.096426828525793928e-02
1.075165023963662037e-01,1.190568281460868016e+00,1.602183702297742762e+00,5.175054688903991673e-01,4.133443095952163415e-01,1.966811829726351046e+00,1.448854143711222564e+00,2.000000000000000000e+00,0.000000000000000000e+00,2.000000000000000000e+00,2.193717104145237184e-01,3.694712177342829307e-02
3.438008776447201709e-01,1.714438710799378374e+00,7.067673574236634781e-01,0.000000000000000000e+00,6.424446798546262771e-01,1.984853851955950876e+00,1.061016917601418363e+00,2.000000000000000000e+00,0.000000000000000000e+00,2.000000000000000000e+00,1.516953616528392834e-01,3.692361536212236672e-02
8.986024903516246498e-01,1.533242738893357382e+00,6.415879622415777694e-01,3.959119591467933352e-01,6.117052128353637208e-01,1.967349216815523993e+00,9.191236551354424744e-01,2.000000000000000000e+00,0.000000000000000000e+00,1.904406267407503517e+00,2.565781649418619192e-01,8.147725897539023765e-02
1.908833097807652660e-02,1.999214737632231120e+00,1.136334755291092735e+00,5.886241234059882421e-01,7.655885467076617434e-01,2.000000000000000000e+00,5.779678464241682079e-01,2.000000000000000000e+00,1.363187229826026865e-02,2.000000000000000000e+00,3.347674262050653882e-01,6.164317786331231092e-02
0.000000000000000000e+00,1.507917301545035782e+00,5.866105889226671533e-01,4.353309955883366555e-01,7.137290373258577958e-01,1.663895146271497261e+00,9.164801067696177750e-01,2.000000000000000000e+00,0.000000000000000000e+00,1.982167224180904519e+00,3.417875908912988425e-01,8.246689548042526741e-02
5.491473712888871317e-01,1.005982690756254128e+00,1.359078803484832232e+00,0.000000000000000000e+00,6.208983486206612890e-01,1.962767455514105031e+00,1.469748296964161538e+00,2.000000000000000000e+00,0.000000000000000000e+00,2.000000000000000000e+00,3.035924143538699105e-01,0.000000000000000000e+00
2.916877855765747651e-01,9.103720673935054020e-01,1.326237178123518934e+00,0.000000000000000000e+00,7.669291673720814995e-01,1.942938017934658701e+00,1.257674283040465468e+00,2.000000000000000000e+00,0.000000000000000000e+00,2.000000000000000000e+00,3.131120697483938953e-01,1.640823772833304925e-02
6.393068522371038176e-01,1.570569847843840794e+00,8.871181914609760355e-01,3.163793080891814657e-01,5.199746332267564108e-01,1.961047825277533185e+00,9.744519922574570447e-01,2.000000000000000000e+00,0.000000000000000000e+00,1.941354790466190749e+00,2.060188355803287130e-01,8.082932061498726561e-02
5.652385543405339385e-01,1.422775335713151845e+00,6.030052954885757321e-01,2.897413276233407053e-01,6.339940574535996021e-01,2.000000000000000000e+00,5.843061822168342800e-01,2.000000000000000000e+00,0.000000000000000000e+00,1.965476018313026652e+00,3.798235597468874736e-01,3.231281524851899872e-02
1.061442930628570258e-01,1.125921555830237342e+00,1.429199664514137158e+00,3.938301439232096968e-01,4.110865811578249263e-01,2.000000000000000000e+00,1.329588017118625398e+00,2.000000000000000000e+00,0.000000000000000000e+00,2.000000000000000000e+00,2.543786652391503145e-01,2.695180430187965603e-02
8.526986293703789355e-02,1.115536636375905166e+00,1.591317388563465052e+00,1.105937256109999378e+00,4.322474003184128555e-01,1.831798910366037925e+00,1.724393907744206977e+00,2.000000000000000000e+00,0.000000000000000000e+00,2.000000000000000000e+00,1.647422422877292958e-01,0.000000000000000000e+00
1.170723139054972578e-01,2.000000000000000000e+00,9.843018505004997865e-01,0.000000000000000000e+00,6.943908238113241094e-01,1.852447623557019529e+00,8.877580647456366769e-01,2.000000000000000000e+00,0.000000000000000000e+00,2.000000000000000000e+00,3.789172443252802891e-01,1.155905623346282635e-01
1.427204068070432041e-01,1.633212773443836197e+00,1.024701553498157613e+00,0.000000000000000000e+00,5.741723396936311286e-01,1.969995383633790231e+00,1.238915734796327994e+00,2.000000000000000000e+00,0.000000000000000000e+00,2.000000000000000000e+00,1.220649827344816168e-01,8.155472788913337157e-02
0.000000000000000000e+00,1.169653971974296214e+00,1.043257043301484943e+00,0.000000000000000000e+00,7.096437002899779189e-01,2.000000000000000000e+00,9.929578549531881126e-01,2.000000000000000000e+00,0.000000000000000000e+00,1.909068344866670763e+00,3.431840113444407647e-01,9.770740516530257436e-02
9.781527243343088873e-01,1.276891815221240734e+00,7.207624090234817649e-01,3.452249515769987842e-01,6.300637150592853786e-01,1.999584790232864728e+00,9.804437354760497936e-01,2.000000000000000000e+00,1.038459356672626695e-04,1.934688705759815663e+00,2.455830976144571520e-01,4.181669941369114268e-02
2.567284896704419284e-01,9.468040857732732407e-01,1.281205638575570571e+00,1.659042812434590175e-01,6.598643832606132520e-01,2.000000000000000000e+00,1.222662517401465809e+00,2.000000000000000000e+00,0.000000000000000000e+00,2.000000000000000000e+00,3.040693564018805417e-01,8.347572072099011808e-02
7.735446952197967407e-01,1.511116930067026631e+00,6.583703505091194064e-01,5.496812676676410270e-01,6.162697467016617914e-01,1.946121870487666827e+00,8.291933993742779396e-01,2.000000000000000000e+00,0.000000000000000000e+00,1.933150357689835896e+00,2.887127264888413869e-01,8.206601030108519323e-02
0.000000000000000000e+00,1.338987826063810394e+00,1.050806047456462444e+00,0.000000000000000000e+00,7.359706779957890799e-01,1.847729505496335189e+00,9.228997254612421042e-01,2.000000000000000000e+00,0.000000000000000000e+00,2.000000000000000000e+00,3.567077281148394730e-01,7.957339873325464802e-03
0.000000000000000000e+00,1.903848279136293620e+00,9.673799349291273275e-01,7.950974967953636230e-02,6.919228524549991821e-01,2.000000000000000000e+00,8.266709374075150718e-01,2.000000000000000000e+00,0.000000000000000000e+00,2.000000000000000000e+00,2.985141226088254274e-01,4.640321339104545861e-02
0.000000000000000000e+00,1.664585936112419784e+00,9.903881569024969300e-01,0.000000000000000000e+00,7.303810885871786507e-01,2.000000000000000000e+00,6.635820609562497197e-01,2.000000000000000000e+00,0.000000000000000000e+00,2.000000000000000000e+00,2.966114130029218199e-01,8.893322522743031533e-02
0.000000000000000000e+00,1.437660898777399332e+00,6.407691904620035350e-01,3.208702327376286023e-01,7.029202709166046947e-01,1.977032469617637567e+00,1.181725314425861706e+00,2.000000000000000000e+00,0.000000000000000000e+00,2.000000000000000000e+00,3.386582083532139187e-01,8.249497301499016111e-02
0.000000000000000000e+00,1.609943683994742969e+00,1.379764281450468477e+00,7.762427056032539241e-01,6.573431360588929406e-01,2.000000000000000000e+00,7.493226414791327450e-01,2.000000000000000000e+00,0.000000000000000000e+00,1.884614884985003957e+00,2.513172416395513253e-01,1.279984568554789690e-02
8.523668756992099915e-01,1.017218561876813698e+00,1.002091906927736087e+00,6.147279206930108542e-01,5.698120653284548531e-01,2.000000000000000000e+00,6.039792562189818526e-01,2.000000000000000000e+00,0.000000000000000000e+00,2.000000000000000000e+00,3.642256279056149126e-01,4.342110685919447349e-02
3.838489963782179548e-01,1.118178885628548169e+00,6.035889958387583576e-01,9.892472303373567311e-02,7.334415628727513070e-01,2.000000000000000000e+00,1.154174890731509917e+00,2.000000000000000000e+00,0.000000000000000000e+00,2.000000000000000000e+00,2.873274330341491489e-01,2.413717883446900303e-02
1.084834501301259330e-01,1.113932305361923003e+00,1.632070051967575930e+00,6.864352247020024667e-01,6.258009754101246935e-01,1.975915548137972433e+00,1.708923415625996700e+00,2.000000000000000000e+00,0.000000000000000000e+00,2.000000000000000000e+00,2.410194427430187858e-01,8.148893773021737702e-03
4.535966727112991648e-01,1.029207139640428981e+00,7.487767979428766596e-01,0.000000000000000000e+00,6.236650149788697250e-01,2.000000000000000000e+00,7.646700445231177090e-01,2.000000000000000000e+00,0.000000000000000000e+00,2.000000000000000000e+00,2.878042766761937932e-01,5.099276129957122650e-02
0.000000000000000000e+00,1.393394104991855231e+00,4.918203313098190033e-01,8.429902478189091886e-01,7.277917948146974680e-01,1.761529069818260851e+00,8.313843578982514915e-01,2.000000000000000000e+00,0.000000000000000000e+00,2.000000000000000000e+00,3.636655931916716877e-01,4.067036305348407238e-02
