1.660000000000000142e+00,2.200000000000000011e-01,9.399999999999999467e-01,1.419999999999999929e+00,6.999999999999999556e-01,7.399999999999999911e-01,1.100000000000000089e+00,6.999999999999999556e-01,1.860000000000000098e+00,9.000000000000000222e-01,4.599999999999999645e-01,5.400000000000000355e-01
1.260000000000000009e+00,1.219999999999999973e+00,1.260000000000000009e+00,2.000000000000000042e-02,8.599999999999999867e-01,5.800000000000000711e-01,1.699999999999999956e+00,1.140000000000000124e+00,1.380000000000000115e+00,1.060000000000000053e+00,1.860000000000000098e+00,1.660000000000000142e+00
1.820000000000000062e+00,2.600000000000000089e-01,1.540000000000000036e+00,5.000000000000000000e-01,8.200000000000000622e-01,1.500000000000000000e+00,1.300000000000000044e+00,2.200000000000000011e-01,1.100000000000000089e+00,1.500000000000000000e+00,1.979999999999999982e+00,1.899999999999999911e+00
1.020000000000000018e+00,1.820000000000000062e+00,5.000000000000000000e-01,1.459999999999999964e+00,1.739999999999999991e+00,1.780000000000000027e+00,1.500000000000000000e+00,1.179999999999999938e+00,9.000000000000000222e-01,1.419999999999999929e+00,1.100000000000000089e+00,6.999999999999999556e-01
6.999999999999999556e-01,1.179999999999999938e+00,1.580000000000000071e+00,2.600000000000000089e-01,1.580000000000000071e+00,1.739999999999999991e+00,2.600000000000000089e-01,9.799999999999999822e-01,6.999999999999999556e-01,1.340000000000000080e+00,1.580000000000000071e+00,6.600000000000000311e-01
3.399999999999999689e-01,5.000000000000000000e-01,1.699999999999999956e+00,1.260000000000000009e+00,4.200000000000000400e-01,1.219999999999999973e+00,9.000000000000000222e-01,1.620000000000000107e+00,8.200000000000000622e-01,5.999999999999999778e-02,8.200000000000000622e-01,1.540000000000000036e+00
1.699999999999999956e+00,1.620000000000000107e+00,9.000000000000000222e-01,8.599999999999999867e-01,1.500000000000000000e+00,2.600000000000000089e-01,7.800000000000000266e-01,2.600000000000000089e-01,1.979999999999999982e+00,1.820000000000000062e+00,2.000000000000000042e-02,1.739999999999999991e+00
1.419999999999999929e+00,1.899999999999999911e+00,8.200000000000000622e-01,9.799999999999999822e-01,2.600000000000000089e-01,1.660000000000000142e+00,1.799999999999999933e-01,1.799999999999999933e-01,7.800000000000000266e-01,1.400000000000000133e-01,9.399999999999999467e-01,9.000000000000000222e-01
1.979999999999999982e+00,6.199999999999999956e-01,1.780000000000000027e+00,1.179999999999999938e+00,3.399999999999999689e-01,1.179999999999999938e+00,2.200000000000000011e-01,4.599999999999999645e-01,4.599999999999999645e-01,4.599999999999999645e-01,1.799999999999999933e-01,9.799999999999999822e-01
5.800000000000000711e-01,1.860000000000000098e+00,1.380000000000000115e+00,1.660000000000000142e+00,1.380000000000000115e+00,1.699999999999999956e+00,1.860000000000000098e+00,1.699999999999999956e+00,3.800000000000000044e-01,9.799999999999999822e-01,1.300000000000000044e+00,1.799999999999999933e-01
1.060000000000000053e+00,1.580000000000000071e+00,6.600000000000000311e-01,1.739999999999999991e+00,7.399999999999999911e-01,1.100000000000000089e+00,5.400000000000000355e-01,5.800000000000000711e-01,1.419999999999999929e+00,1.780000000000000027e+00,1.660000000000000142e+00,1.780000000000000027e+00
1.739999999999999991e+00,5.400000000000000355e-01,1.100000000000000089e+00,1.699999999999999956e+00,9.799999999999999822e-01,1.620000000000000107e+00,1.660000000000000142e+00,1.660000000000000142e+00,1.620000000000000107e+00,9.399999999999999467e-01,6.999999999999999556e-01,1.400000000000000133e-01
1.780000000000000027e+00,2.000000000000000042e-02,6.199999999999999956e-01,4.599999999999999645e-01,1.939999999999999947e+00,3.399999999999999689e-01,9.799999999999999822e-01,8.599999999999999867e-01,1.899999999999999911e+00,2.000000000000000042e-02,1.820000000000000062e+00,1.580000000000000071e+00
6.199999999999999956e-01,1.459999999999999964e+00,1.000000000000000056e-01,1.540000000000000036e+00,1.540000000000000036e+00,1.860000000000000098e+00,1.260000000000000009e+00,1.860000000000000098e+00,1.300000000000000044e+00,3.000000000000000444e-01,1.219999999999999973e+00,1.459999999999999964e+00
2.200000000000000011e-01,4.200000000000000400e-01,1.860000000000000098e+00,2.200000000000000011e-01,1.140000000000000124e+00,3.800000000000000044e-01,1.380000000000000115e+00,1.540000000000000036e+00,1.260000000000000009e+00,1.260000000000000009e+00,3.800000000000000044e-01,1.380000000000000115e+00
7.399999999999999911e-01,1.060000000000000053e+00,4.200000000000000400e-01,1.780000000000000027e+00,1.620000000000000107e+00,2.200000000000000011e-01,5.000000000000000000e-01,1.260000000000000009e+00,1.400000000000000133e-01,1.020000000000000018e+00,5.999999999999999778e-02,1.699999999999999956e+00
1.100000000000000089e+00,1.739999999999999991e+00,2.000000000000000042e-02,1.219999999999999973e+00,1.340000000000000080e+00,1.260000000000000009e+00,1.540000000000000036e+00,1.780000000000000027e+00,2.200000000000000011e-01,1.979999999999999982e+00,1.020000000000000018e+00,3.399999999999999689e-01
1.459999999999999964e+00,1.699999999999999956e+00,1.140000000000000124e+00,8.200000000000000622e-01,9.000000000000000222e-01,4.599999999999999645e-01,1.000000000000000056e-01,2.000000000000000042e-02,1.219999999999999973e+00,5.000000000000000000e-01,1.620000000000000107e+00,7.399999999999999911e-01
8.200000000000000622e-01,3.399999999999999689e-01,1.799999999999999933e-01,3.800000000000000044e-01,4.599999999999999645e-01,1.020000000000000018e+00,1.340000000000000080e+00,1.060000000000000053e+00,6.199999999999999956e-01,3.399999999999999689e-01,7.399999999999999911e-01,6.199999999999999956e-01
1.140000000000000124e+00,9.799999999999999822e-01,5.400000000000000355e-01,1.380000000000000115e+00,1.979999999999999982e+00,1.939999999999999947e+00,2.000000000000000042e-02,1.419999999999999929e+00,3.399999999999999689e-01,1.580000000000000071e+00,1.179999999999999938e+00,1.820000000000000062e+00
1.000000000000000056e-01,1.500000000000000000e+00,1.660000000000000142e+00,9.399999999999999467e-01,1.899999999999999911e+00,5.000000000000000000e-01,1.140000000000000124e+00,9.000000000000000222e-01,1.540000000000000036e+00,6.600000000000000311e-01,1.000000000000000056e-01,1.179999999999999938e+00
8.599999999999999867e-01,1.300000000000000044e+00,1.400000000000000133e-01,1.620000000000000107e+00,3.800000000000000044e-01,6.199999999999999956e-01,1.020000000000000018e+00,7.800000000000000266e-01,9.399999999999999467e-01,1.699999999999999956e+00,1.540000000000000036e+00,1.260000000000000009e+00
9.799999999999999822e-01,1.419999999999999929e+00,1.459999999999999964e+00,1.400000000000000133e-01,1.820000000000000062e+00,1.899999999999999911e+00,8.200000000000000622e-01,9.399999999999999467e-01,1.140000000000000124e+00,2.600000000000000089e-01,3.399999999999999689e-01,1.419999999999999929e+00
9.399999999999999467e-01,7.800000000000000266e-01,1.979999999999999982e+00,3.000000000000000444e-01,5.800000000000000711e-01,1.300000000000000044e+00,4.200000000000000400e-01,3.000000000000000444e-01,1.459999999999999964e+00,1.939999999999999947e+00,6.199999999999999956e-01,5.999999999999999778e-02
1.540000000000000036e+00,8.599999999999999867e-01,3.399999999999999689e-01,6.999999999999999556e-01,1.699999999999999956e+00,1.400000000000000133e-01,1.820000000000000062e+00,1.500000000000000000e+00,1.500000000000000000e+00,1.620000000000000107e+00,4.200000000000000400e-01,1.100000000000000089e+00
1.179999999999999938e+00,1.799999999999999933e-01,2.200000000000000011e-01,6.600000000000000311e-01,6.199999999999999956e-01,1.459999999999999964e+00,6.600000000000000311e-01,1.820000000000000062e+00,1.820000000000000062e+00,1.799999999999999933e-01,1.340000000000000080e+00,2.000000000000000042e-02
1.340000000000000080e+00,1.380000000000000115e+00,1.219999999999999973e+00,1.020000000000000018e+00,7.800000000000000266e-01,1.799999999999999933e-01,1.400000000000000133e-01,1.580000000000000071e+00,1.179999999999999938e+00,1.739999999999999991e+00,2.600000000000000089e-01,1.860000000000000098e+00
1.939999999999999947e+00,3.000000000000000444e-01,1.340000000000000080e+00,4.200000000000000400e-01,5.000000000000000000e-01,1.820000000000000062e+00,1.939999999999999947e+00,5.000000000000000000e-01,5.400000000000000355e-01,1.219999999999999973e+00,1.459999999999999964e+00,4.200000000000000400e-01
1.500000000000000000e+00,1.540000000000000036e+00,4.599999999999999645e-01,7.399999999999999911e-01,5.999999999999999778e-02,1.340000000000000080e+00,6.999999999999999556e-01,1.300000000000000044e+00,1.660000000000000142e+00,1.000000000000000056e-01,9.799999999999999822e-01,1.979999999999999982e+00
1.799999999999999933e-01,5.800000000000000711e-01,2.600000000000000089e-01,5.999999999999999778e-02,1.000000000000000056e-01,6.600000000000000311e-01,8.599999999999999867e-01,7.399999999999999911e-01,1.580000000000000071e+00,7.399999999999999911e-01,7.800000000000000266e-01,1.620000000000000107e+00
5.000000000000000000e-01,1.140000000000000124e+00,1.899999999999999911e+00,1.300000000000000044e+00,1.100000000000000089e+00,1.140000000000000124e+00,4.599999999999999645e-01,1.000000000000000056e-01,9.799999999999999822e-01,1.660000000000000142e+00,5.400000000000000355e-01,7.800000000000000266e-01
9.000000000000000222e-01,5.999999999999999778e-02,8.599999999999999867e-01,1.500000000000000000e+00,1.179999999999999938e+00,6.999999999999999556e-01,7.399999999999999911e-01,4.200000000000000400e-01,1.939999999999999947e+00,1.899999999999999911e+00,1.899999999999999911e+00,1.060000000000000053e+00
5.999999999999999778e-02,1.660000000000000142e+00,5.800000000000000711e-01,1.060000000000000053e+00,9.399999999999999467e-01,4.200000000000000400e-01,1.580000000000000071e+00,5.999999999999999778e-02,5.800000000000000711e-01,5.400000000000000355e-01,1.380000000000000115e+00,4.599999999999999645e-01
2.600000000000000089e-01,1.780000000000000027e+00,6.999999999999999556e-01,1.820000000000000062e+00,1.860000000000000098e+00,9.399999999999999467e-01,1.979999999999999982e+00,3.800000000000000044e-01,4.200000000000000400e-01,2.200000000000000011e-01,1.739999999999999991e+00,1.020000000000000018e+00
7.800000000000000266e-01,1.340000000000000080e+00,1.620000000000000107e+00,1.899999999999999911e+00,3.000000000000000444e-01,1.060000000000000053e+00,1.419999999999999929e+00,1.939999999999999947e+00,2.000000000000000042e-02,1.540000000000000036e+00,1.260000000000000009e+00,8.200000000000000622e-01
1.300000000000000044e+00,9.399999999999999467e-01,1.020000000000000018e+00,7.800000000000000266e-01,1.020000000000000018e+00,5.400000000000000355e-01,1.780000000000000027e+00,8.200000000000000622e-01,1.340000000000000080e+00,1.100000000000000089e+00,1.699999999999999956e+00,2.600000000000000089e-01
4.599999999999999645e-01,9.000000000000000222e-01,1.500000000000000000e+00,1.000000000000000056e-01,5.400000000000000355e-01,1.000000000000000056e-01,1.739999999999999991e+00,1.739999999999999991e+00,1.000000000000000056e-01,1.179999999999999938e+00,6.600000000000000311e-01,5.800000000000000711e-01
1.380000000000000115e+00,1.260000000000000009e+00,1.939999999999999947e+00,1.580000000000000071e+00,1.459999999999999964e+00,1.979999999999999982e+00,1.179999999999999938e+00,1.219999999999999973e+00,1.699999999999999956e+00,1.300000000000000044e+00,2.200000000000000011e-01,1.140000000000000124e+00
1.899999999999999911e+00,8.200000000000000622e-01,7.800000000000000266e-01,9.000000000000000222e-01,1.660000000000000142e+00,8.200000000000000622e-01,5.800000000000000711e-01,1.380000000000000115e+00,8.599999999999999867e-01,8.599999999999999867e-01,8.599999999999999867e-01,1.300000000000000044e+00
6.600000000000000311e-01,6.999999999999999556e-01,5.999999999999999778e-02,1.979999999999999982e+00,6.600000000000000311e-01,3.000000000000000444e-01,1.459999999999999964e+00,1.020000000000000018e+00,1.799999999999999933e-01,4.200000000000000400e-01,1.419999999999999929e+00,3.800000000000000044e-01
3.000000000000000444e-01,1.979999999999999982e+00,1.419999999999999929e+00,5.800000000000000711e-01,1.260000000000000009e+00,1.580000000000000071e+00,3.399999999999999689e-01,5.400000000000000355e-01,1.020000000000000018e+00,1.380000000000000115e+00,5.800000000000000711e-01,1.000000000000000056e-01
1.219999999999999973e+00,7.399999999999999911e-01,1.820000000000000062e+00,3.399999999999999689e-01,1.060000000000000053e+00,8.599999999999999867e-01,1.620000000000000107e+00,3.399999999999999689e-01,1.060000000000000053e+00,1.140000000000000124e+00,1.140000000000000124e+00,3.000000000000000444e-01
2.000000000000000042e-02,1.000000000000000056e-01,9.799999999999999822e-01,1.100000000000000089e+00,1.219999999999999973e+00,1.419999999999999929e+00,1.219999999999999973e+00,6.600000000000000311e-01,7.399999999999999911e-01,1.459999999999999964e+00,1.939999999999999947e+00,8.599999999999999867e-01
1.400000000000000133e-01,6.600000000000000311e-01,1.739999999999999991e+00,6.199999999999999956e-01,1.799999999999999933e-01,1.540000000000000036e+00,1.899999999999999911e+00,1.899999999999999911e+00,6.600000000000000311e-01,7.800000000000000266e-01,3.000000000000000444e-01,9.399999999999999467e-01
1.860000000000000098e+00,3.800000000000000044e-01,3.800000000000000044e-01,1.140000000000000124e+00,1.400000000000000133e-01,9.799999999999999822e-01,3.800000000000000044e-01,1.400000000000000133e-01,5.000000000000000000e-01,3.800000000000000044e-01,1.400000000000000133e-01,1.219999999999999973e+00
1.620000000000000107e+00,1.100000000000000089e+00,1.300000000000000044e+00,1.939999999999999947e+00,2.000000000000000042e-02,1.380000000000000115e+00,5.999999999999999778e-02,1.100000000000000089e+00,1.780000000000000027e+00,6.999999999999999556e-01,1.500000000000000000e+00,1.340000000000000080e+00
1.580000000000000071e+00,1.939999999999999947e+00,7.399999999999999911e-01,1.799999999999999933e-01,1.300000000000000044e+00,9.000000000000000222e-01,6.199999999999999956e-01,1.979999999999999982e+00,2.600000000000000089e-01,5.800000000000000711e-01,5.000000000000000000e-01,1.500000000000000000e+00
4.200000000000000400e-01,1.400000000000000133e-01,1.060000000000000053e+00,1.340000000000000080e+00,1.419999999999999929e+00,2.000000000000000042e-02,3.000000000000000444e-01,1.459999999999999964e+00,5.999999999999999778e-02,8.200000000000000622e-01,9.000000000000000222e-01,2.200000000000000011e-01
5.400000000000000355e-01,4.599999999999999645e-01,1.179999999999999938e+00,5.400000000000000355e-01,1.780000000000000027e+00,5.999999999999999778e-02,9.399999999999999467e-01,1.340000000000000080e+00,1.739999999999999991e+00,6.199999999999999956e-01,1.780000000000000027e+00,1.939999999999999947e+00
3.800000000000000044e-01,1.020000000000000018e+00,3.000000000000000444e-01,1.860000000000000098e+00,2.200000000000000011e-01,7.800000000000000266e-01,1.060000000000000053e+00,6.199999999999999956e-01,3.000000000000000444e-01,1.860000000000000098e+00,1.060000000000000053e+00,5.000000000000000000e-01
2.000000000000000000e+00,0.000000000000000000e+00,7.455867714512027643e-06,1.819255414188904574e+00,2.000000000000000000e+00,1.994107645438178977e+00,0.000000000000000000e+00,1.365437333098309836e+00,8.484581552261756254e-01,1.346048930863997573e+00,0.000000000000000000e+00,5.842037945941831456e-01
2.000000000000000000e+00,0.000000000000000000e+00,6.046707516871376864e-01,0.000000000000000000e+00,1.972839205746614866e+00,1.038790047123308802e-04,0.000000000000000000e+00,1.697728467801334684e+00,8.781134228474679615e-02,4.537218394807430999e-02,9.969108355767692942e-01,7.315948310739255956e-05
2.000000000000000000e+00,2.000000000000000000e+00,1.535595846117753904e+00,1.924951568671683377e+00,2.000000000000000000e+00,2.000000000000000000e+00,1.894968272387933084e+00,1.084308343859487378e+00,1.199826352375235938e+00,2.000000000000000000e+00,8.577263208592197374e-01,1.159169023808947596e+00
2.000000000000000000e+00,1.508244046187033475e-04,8.279927968648144176e-01,1.962930637540034606e+00,1.999182551646799144e+00,6.000695797793772490e-01,3.171252087247191653e-01,2.000000000000000000e+00,1.508244046187033475e-04,1.403488848974898229e+00,6.054662684092558062e-05,6.570938596595844450e-01
2.000000000000000000e+00,1.796509321693954941e+00,1.775091518976196880e+00,1.552889566092803708e+00,2.000000000000000000e+00,1.781844615641526630e+00,2.863499386316392670e-01,7.688079850167754969e-01,1.992455028773224335e+00,7.060249267543530216e-01,5.956784117559310587e-01,6.268836840443205993e-01
2.000000000000000000e+00,0.000000000000000000e+00,6.115304767770828320e-01,2.504450303133110028e-05,2.000000000000000000e+00,0.000000000000000000e+00,0.000000000000000000e+00,2.000000000000000000e+00,0.000000000000000000e+00,9.363501116402432878e-01,1.082571101609393516e+00,1.470423985131143585e+00
2.000000000000000000e+00,0.000000000000000000e+00,0.000000000000000000e+00,9.561876673526032988e-01,2.000000000000000000e+00,0.000000000000000000e+00,0.000000000000000000e+00,1.471095324306257446e+00,0.000000000000000000e+00,0.000000000000000000e+00,9.884388723169181823e-01,0.000000000000000000e+00
2.000000000000000000e+00,7.883150523699589129e-01,1.949173114368039972e+00,2.640532378735636065e-01,1.510628978688137281e+00,1.417715323480824852e-01,1.453898298858706806e+00,1.999376152328705469e+00,4.496922747723739455e-01,1.740073844883502918e+00,1.636511579253632664e+00,7.658408548643325098e-01
1.321916707135757818e+00,1.137548901355901254e+00,7.511610187003894268e-01,0.000000000000000000e+00,1.887823489364410356e+00,2.000000000000000000e+00,2.000000000000000000e+00,2.365873446207221399e-04,1.730207289881796839e+00,1.960101987662220324e+00,8.692887008650433955e-01,1.034337770990423344e+00
2.000000000000000000e+00,2.000000000000000000e+00,9.948833277671013920e-05,1.517541855073342228e-04,2.000000000000000000e+00,2.000000000000000000e+00,1.242200787261887207e+00,1.039040924431823054e+00,6.823833642350101147e-01,1.034658556946313812e+00,1.949858676941040869e-01,1.049333292861426958e+00
6.232748424970677159e-02,0.000000000000000000e+00,2.000000000000000000e+00,7.918506698857334756e-05,2.000000000000000000e+00,8.045434105223822131e-06,8.724221141080283903e-01,1.424063878594462373e+00,2.000000000000000000e+00,0.000000000000000000e+00,2.975695941158481572e-01,3.150195976571118842e-04
1.877712221043887020e+00,1.937285566427842554e+00,2.221524593047120584e-04,1.741532067969959205e-04,2.000000000000000000e+00,1.902314115150022467e+00,8.106794244725816778e-01,1.528488048099918561e+00,2.000000000000000000e+00,1.478226074080192243e-01,2.000000000000000000e+00,0.000000000000000000e+00
3.123423344230943184e-04,1.954182246788495725e+00,8.689517998120321884e-01,2.097633688589271438e-05,1.811488999721565740e+00,2.217481896900124416e-04,2.705296522385949864e-04,1.132706331096299479e+00,9.843949269220663724e-05,2.000000000000000000e+00,0.000000000000000000e+00,6.955487840803615818e-01
1.855566772208520065e-01,1.611224315029320397e-01,9.407112444401493079e-01,1.636010361822962000e+00,1.746976911578479896e+00,5.974865894105834130e-01,3.378926117883793712e-01,1.327245963052567923e+00,3.873514575540519811e-01,3.529483929323162794e-01,7.032084714944044634e-01,1.179198398771868495e-01
2.201652007174585539e-04,0.000000000000000000e+00,4.957917746229023592e-01,6.217908960634746355e-05,5.128549482890682072e-06,1.952207427123544115e+00,8.474853405079190696e-05,2.000000000000000000e+00,2.000000000000000000e+00,1.941127392054029954e+00,2.000000000000000000e+00,3.584807108782894173e-05
8.706119596630175206e-01,0.000000000000000000e+00,9.687805394186579377e-01,1.005167834717159536e+00,2.000000000000000000e+00,1.869618559411153846e+00,0.000000000000000000e+00,1.087313046041073150e+00,1.142768866508376045e-04,0.000000000000000000e+00,0.000000000000000000e+00,8.355736504589933802e-05
0.000000000000000000e+00,0.000000000000000000e+00,0.000000000000000000e+00,0.000000000000000000e+00,0.000000000000000000e+00,8.668571946135794626e-02,1.698351758163395009e-01,1.665165260460372609e+00,0.000000000000000000e+00,0.000000000000000000e+00,2.000000000000000000e+00,0.000000000000000000e+00
2.000000000000000000e+00,2.220062153656244381e-04,1.239836847718387694e-05,2.000000000000000000e+00,1.267861767988479826e+00,1.059915957336845516e+00,7.723627031456483660e-01,1.468348331060871370e+00,2.000000000000000000e+00,2.000000000000000000e+00,2.000000000000000000e+00,0.000000000000000000e+00
1.899335855334419509e+00,6.715253261473688425e-05,4.458308817029244084e-05,0.000000000000000000e+00,1.967642518376167438e+00,1.477662565986685994e+00,2.025691992814035989e-04,1.237173426648053631e+00,1.997591479064382725e+00,1.843323351108574482e+00,1.022486940718815074e+00,2.025691992814035989e-04
2.000000000000000000e+00,7.250225435756046380e-05,7.419086099791365463e-01,1.841893142890632440e+00,1.999290256228652751e+00,0.000000000000000000e+00,4.993280991311603394e-05,6.700773642607471547e-01,6.660568312515584566e-01,1.821694524493352230e+00,8.425972502936698305e-01,7.262654037437443755e-02
1.963335727667812947e+00,0.000000000000000000e+00,1.771910053585164105e-04,6.638130242641770344e-05,1.548508163016647288e+00,8.185659023853399940e-01,4.403156670037744469e-01,1.876712816064995515e+00,2.000000000000000000e+00,1.047807044325905568e-04,8.882761967975392192e-01,1.997604498029608810e-04
0.000000000000000000e+00,1.394627351755205592e-04,5.562678628981709839e-01,2.000000000000000000e+00,2.000000000000000000e+00,1.394627351755205592e-04,1.394627351755205863e-04,1.001187923899522936e+00,1.394627351755205863e-04,1.764627395576169322e-01,1.394627351755205592e-04,0.000000000000000000e+00
0.000000000000000000e+00,2.467775602211120245e-01,1.321056464968548005e-01,1.980313789554612125e+00,1.962626109662927387e+00,6.560595792102023578e-05,0.000000000000000000e+00,1.342259743409972117e+00,2.000000000000000000e+00,1.063507505769911135e-04,9.043478000187574750e-01,0.000000000000000000e+00
1.226102801076611737e-01,2.000000000000000000e+00,9.236119795582515835e-01,1.812147428575086483e+00,1.815030116490126133e+00,2.687104122661258809e-03,4.038911080649946195e-01,8.782519143434868170e-01,3.590432427551013550e-01,6.771127898182487392e-01,8.757759047844215772e-01,4.672460680174481684e-01
1.984955223252430567e+00,7.641045610732808413e-01,2.116908276954031296e-05,2.000000000000000000e+00,2.000000000000000000e+00,1.940226972911417658e+00,0.000000000000000000e+00,1.152777411335657476e+00,2.000000000000000000e+00,6.298176495403961779e-05,9.056627562996957259e-01,6.602176097792976650e-01
0.000000000000000000e+00,0.000000000000000000e+00,5.702019503234131677e-06,9.180245782812401778e-01,2.000000000000000000e+00,1.190710891996987986e+00,7.580957680444040392e-01,8.192305473539432587e-05,2.877279090231142601e-04,7.743202441910455036e-01,9.816824422754828472e-01,0.000000000000000000e+00
2.000000000000000000e+00,4.119027468680808157e-02,8.008658521381581963e-01,2.434169996838727451e-02,4.229298996547472544e-01,2.955693660936918876e-01,1.465174364150659159e+00,1.438241764031658043e+00,1.867978988253052641e+00,1.103096261584167959e+00,8.720199783591655596e-01,1.460232721706196668e-01
1.861070241014760818e+00,1.895421108425787704e-01,6.574597351377997612e-01,1.362610676308160240e+00,1.824388329190992142e+00,1.534523294664013271e+00,9.479551063794393606e-01,1.409691547197494010e+00,1.482342292728285660e+00,1.332562617913538361e+00,1.082961286617608820e+00,1.207016157111914789e-01
6.417646076947167710e-01,1.182906795641205822e+00,8.029351073429058516e-01,1.721948903776292283e+00,1.466469827370429524e+00,1.909599195196281851e+00,1.565222773772322551e+00,1.563356737574103095e-01,1.766871143067021865e+00,1.251790419624579709e+00,7.741456000224883338e-02,1.934498599031254873e+00
0.000000000000000000e+00,0.000000000000000000e+00,0.000000000000000000e+00,0.000000000000000000e+00,8.056055079928960971e-01,0.000000000000000000e+00,4.480369735480039498e-05,1.336421407066554767e+00,7.170026136323408572e-01,2.000000000000000000e+00,1.916025241307229621e+00,3.371217791321095376e-04
2.000000000000000000e+00,1.270523401779225736e+00,2.000000000000000000e+00,0.000000000000000000e+00,2.000000000000000000e+00,2.000000000000000000e+00,2.000000000000000000e+00,0.000000000000000000e+00,2.000000000000000000e+00,0.000000000000000000e+00,0.000000000000000000e+00,2.000000000000000000e+00
1.688589088220164786e-04,3.344224215534979781e-05,2.000000000000000000e+00,1.855682757291398310e+00,1.620437213191329828e+00,0.000000000000000000e+00,1.917017907664608778e+00,1.340474748569142616e+00,1.688589088220164786e-04,0.000000000000000000e+00,6.921682933724235820e-01,1.087279771090535440e-05
2.256908924229992304e-04,2.000000000000000000e+00,2.720013894947168609e-01,1.917571178585839142e+00,1.954531155568297152e+00,7.012200553867882213e-01,5.534438757503219453e-01,1.463805321300144957e+00,1.898514505505712394e-04,2.000000000000000000e+00,1.179043274685005471e+00,7.486657454319811721e-05
0.000000000000000000e+00,4.409360990105256706e-05,2.000000000000000000e+00,1.935769336456228729e+00,2.000000000000000000e+00,4.051044702101302963e-01,8.060030697854930759e-02,1.654630651217354309e+00,0.000000000000000000e+00,0.000000000000000000e+00,2.000000000000000000e+00,0.000000000000000000e+00
2.000000000000000000e+00,1.975108987815801243e+00,1.452618712036458904e-05,2.977039416679659535e-05,6.357949432066980489e-01,9.565977483260907910e-01,5.672910746792381165e-01,1.400275620906487717e+00,1.911835796412675315e+00,0.000000000000000000e+00,1.059914293989568438e-04,3.117962836866767238e-04
1.448290694024855678e-05,1.299423333805777524e-04,6.288785412017132703e-01,8.104187041761478716e-05,1.619947530207977326e+00,3.515624537441675024e-01,4.403879274010885636e-02,1.719887245423290967e+00,0.000000000000000000e+00,2.000000000000000000e+00,7.201576292077926933e-01,5.032234881267652073e-05
2.160954920915982339e-04,2.000000000000000000e+00,0.000000000000000000e+00,9.760590875826491279e-05,2.000000000000000000e+00,1.871743450330499492e+00,9.118582338366025830e-01,1.326444242381992655e+00,1.092211252414112987e+00,2.000000000000000000e+00,1.870905072763140886e+00,8.282930059133428724e-01
2.415748255162580849e-01,6.273086103894529586e-01,3.309400658785890403e-01,2.958135627762041864e-01,1.964859650028965898e+00,1.479854231496394501e+00,4.306136101825772666e-01,1.271641685861510940e+00,1.905559050226033779e+00,1.398483487551271054e+00,5.507915382108004021e-01,1.454471081721996129e+00
5.147905156837826319e-05,6.121773320842428812e-02,7.414011558945134972e-01,2.000000000000000000e+00,1.747307107873606657e+00,1.845974111278606694e-02,5.758297866864805492e-01,1.939741573246704487e+00,1.939560588985184353e+00,1.032471342729964717e-04,8.396302010988869746e-01,1.588532469085904286e-01
3.690653538687680424e-01,1.674007112487142290e+00,1.911824380362058262e-01,2.734002467915002121e-01,2.000000000000000000e+00,5.590999403470323093e-02,1.853207153125126183e+00,5.238979912139027917e-01,1.791115022239960775e-01,1.729594414858702578e+00,6.461724853205423891e-01,1.894289378801571111e+00
0.000000000000000000e+00,1.603877390000043035e-01,8.966652677677524608e-01,2.000000000000000000e+00,2.000000000000000000e+00,0.000000000000000000e+00,1.585696480557262486e-04,1.434021645795819477e+00,1.991466860445262554e+00,4.644385495187135504e-01,8.115387999316512335e-01,1.096691850927632291e-04
3.054189759935155291e-01,5.112883337846987342e-01,1.356916031447613413e+00,8.706353987235373459e-01,1.300418723619682915e-01,2.000000000000000000e+00,2.000000000000000000e+00,5.523074654723658661e-01,1.849071905204349164e+00,2.884168739537704834e-03,1.535853434605624623e-02,1.594624554871398869e-02
1.773998428825377616e+00,7.700770712894620118e-01,1.602613604822987980e+00,4.390172697838257143e-01,6.896918855162328388e-01,1.085250094541347465e+00,8.495389279280360917e-01,1.403208214303901080e+00,1.526465352669448272e+00,2.334355949555562137e-01,1.311719892960430123e+00,3.314277215812380106e-01
2.000000000000000000e+00,0.000000000000000000e+00,1.644439567404046038e-04,0.000000000000000000e+00,2.000000000000000000e+00,0.000000000000000000e+00,5.045489818867310294e-01,1.229886283378499812e+00,1.919238033480612948e+00,1.987121970341909183e+00,1.007205572222958700e+00,9.105121146168495549e-01
1.044473081606417164e+00,1.887769721540588197e+00,2.784942749155350228e-01,1.208472065928512418e+00,1.159044249419320383e-01,1.442681752011532481e+00,8.283625820876587831e-01,8.358678535941534982e-01,1.308187003962038908e+00,5.047414692885450194e-01,6.684000835359410475e-02,3.011813364078282929e-01
1.032709928209479600e+00,1.530490072438253968e+00,7.655585771777031479e-01,0.000000000000000000e+00,2.000000000000000000e+00,2.363229906956820304e-04,0.000000000000000000e+00,2.000000000000000000e+00,8.731983408607093544e-01,0.000000000000000000e+00,2.770449224874340644e-01,3.668149957570943759e-06
2.000000000000000000e+00,1.443096601556762337e+00,1.899420225388753991e+00,0.000000000000000000e+00,2.000000000000000000e+00,0.000000000000000000e+00,0.000000000000000000e+00,0.000000000000000000e+00,8.777373762243254607e-01,8.756343969827260487e-01,6.666904693251340941e-01,2.000000000000000000e+00
2.000000000000000000e+00,4.687500000000000775e-05,1.989911872962027095e+00,1.064830624902441958e+00,1.313243660711653993e+00,4.687500000000000775e-05,5.354882803305321959e-01,1.429930744263780307e+00,2.248300473251004516e-01,4.687500000000000775e-05,1.955229154238079303e+00,4.687500000000000775e-05
1.983294346893419657e+00,2.000000000000000000e+00,2.000000000000000000e+00,6.222335121817634818e-01,1.911364273644699630e+00,2.512183291120407280e-01,1.874174833737832452e-04,1.562866815795502795e+00,2.000000000000000000e+00,1.336583205651412586e-04,2.997645669325474937e-01,9.035232830262411856e-05
2.000000000000000000e+00,1.034643359418377262e+00,2.423471109119966710e-04,7.479810921274272495e-01,2.000000000000000000e+00,2.065076690395686258e-04,1.966056668600948854e+00,2.000000000000000000e+00,8.015700423216813864e-01,2.993976510354534864e-04,1.707274392226198145e+00,1.980385886508422288e+00
1.567734851035135213e-01,1.281957877397513990e+00,1.889310394374136060e+00,1.358360698319133864e+00,1.972215395647466618e+00,6.640411733838679637e-03,1.043942834574986822e-01,1.731947466949145475e+00,4.434450337920878837e-01,8.950847512384600968e-01,1.165701698603124115e+00,1.773457384112465673e-01
1.247770134897322691e+00,2.000000000000000000e+00,2.000000000000000000e+00,1.976689669405853778e+00,2.000000000000000000e+00,2.000000000000000000e+00,0.000000000000000000e+00,1.526873538759130788e+00,2.000000000000000000e+00,2.000000000000000000e+00,3.780719401754486760e-04,1.680404805996992934e+00
7.054191260732550761e-02,1.258125963293695193e+00,1.154893531363021530e+00,4.764140786350176682e-02,3.460101659845442601e-01,1.976626716267822381e+00,3.242672651442012333e-01,4.930501825984655133e-04,2.914751126778383217e-01,1.233750233326342371e+00,2.000000000000000000e+00,1.416760848545983276e+00
1.674293399197262833e+00,1.372575356400747015e+00,1.563991066379872841e+00,1.557165652228071018e+00,1.822579801487593798e-01,5.154500987750118557e-02,1.804499408104390579e+00,9.525596311208661682e-02,1.678373185472491702e+00,1.903486460926990809e+00,2.000000000000000000e+00,1.922545186594568634e+00
1.168243117036681156e+00,7.113337867842912665e-01,1.202915173725275233e-01,1.519536428209224965e+00,3.057117502799324704e-01,9.258980855518492703e-01,1.090563862560102404e+00,2.450686964025355907e-01,1.516818691795023710e+00,1.329909145247808677e+00,1.731013888808878853e+00,8.568057255196506183e-01
0.000000000000000000e+00,1.876059084908836543e-04,5.326587024303379714e-01,1.573041834956205420e+00,1.969490569089234810e+00,8.685727056880059305e-01,1.113848732587234059e-04,1.944548102912288634e+00,2.000000000000000000e+00,3.934107627786034801e-04,1.051938486602144618e+00,0.000000000000000000e+00
2.000000000000000000e+00,4.958018622550781629e-01,9.511414689990154159e-01,4.470991084351641238e-04,1.330441127498638743e+00,7.549979993784063925e-01,5.239027291419537935e-01,1.197340210750217793e+00,2.734689074126073118e-04,4.888907146070655958e-05,8.697619802276099765e-01,0.000000000000000000e+00
1.967344562116397633e+00,7.743784887147047158e-01,5.384751651238235404e-01,3.150179442087142089e-04,1.466610255694352993e+00,3.413489627272326766e-04,2.305392597951340101e-04,1.537427283700045333e+00,9.055296966815349347e-01,1.857399574545989807e-04,8.223717721784093992e-01,1.334741047239748157e-04
4.300813842879253057e-02,7.068526235423928661e-01,2.000000000000000000e+00,1.920414230250839793e+00,5.566358224498819257e-03,1.166437539223000197e+00,2.130432100128923367e-02,1.836706984437899703e-02,1.371456486066074731e+00,2.000000000000000000e+00,1.973717168559531832e+00,1.072500655807108738e-01
1.720259690904736960e+00,1.701958484359702428e+00,2.617471056622804326e-01,1.953677127426592719e+00,7.300283032114860404e-01,5.243093554435880321e-01,5.192912414344039718e-01,2.000000000000000000e+00,2.969887659062752094e-01,1.016511365875966688e-01,2.000000000000000000e+00,6.926084737030855365e-01
1.859686038798411033e-04,2.218080457522690130e-04,2.755541641584360324e-01,1.521468887584916052e+00,1.618525186675497052e+00,7.468945667164547109e-01,2.781271686946559297e-04,1.264132332447514440e+00,9.612111418576819153e-05,1.081840879981144976e+00,1.085377685835072548e+00,1.919418441919123900e-04
2.000000000000000000e+00,3.653579180292257922e-01,2.000000000000000000e+00,0.000000000000000000e+00,1.176267649405954074e+00,2.000000000000000000e+00,7.383268326064639231e-01,1.292913180124208194e+00,2.000000000000000000e+00,6.728642300804112963e-01,4.947033840638721536e-01,0.000000000000000000e+00
1.891194077532909468e+00,2.046813995292396937e-01,1.928325884588275030e-02,1.835667032174559843e+00,1.000510845394756987e-01,7.292788369353866429e-01,5.444497170455214752e-02,1.895237220565209046e+00,2.872766902038716985e-01,6.545800223542406204e-01,1.147382638019389223e+00,4.690610243472672636e-01
1.909892370442871190e+00,0.000000000000000000e+00,2.000000000000000000e+00,1.245978246414694901e+00,2.000000000000000000e+00,0.000000000000000000e+00,2.000000000000000000e+00,1.030569470390984677e+00,2.000000000000000000e+00,2.000000000000000000e+00,3.629083464006910287e-01,1.926702580210180926e+00
2.000000000000000000e+00,2.813616328531986567e-05,2.980672460096323029e-01,0.000000000000000000e+00,8.000260826943339509e-01,1.895898227203100639e+00,6.110950298715168570e-05,1.363347130732681212e+00,2.000000000000000000e+00,0.000000000000000000e+00,1.502100993303341347e+00,4.179802146030557370e-04
1.846370388957510045e+00,1.889050020904701643e+00,1.941451561728343211e+00,1.174245166391242545e+00,4.881654617765183168e-01,2.000000000000000000e+00,1.963340134827822769e+00,1.610398594565904062e+00,1.425407757473885262e+00,5.936536340146703061e-01,2.000000000000000000e+00,5.546236774689355942e-02
3.826071452431262232e-01,2.304172795763910209e-01,7.560864580739465879e-01,1.588614123273664358e+00,1.653169228286381909e+00,2.982102382339534286e-01,1.080691470965642331e+00,1.472039711897025427e+00,6.981368509025214220e-01,1.159931083340007163e+00,1.205751199981391242e+00,6.517479358864528005e-02
1.201745167535473446e-01,1.680739295210784690e+00,7.931074485276736752e-01,1.350972646273664868e-01,1.425822201529631239e-01,1.362261088158427391e+00,1.542906269857590384e+00,2.000000000000000000e+00,1.931743695666575888e+00,1.654531169906403587e+00,6.572309531796678428e-01,1.019075626276166324e-01
0.000000000000000000e+00,0.000000000000000000e+00,9.473905499182793122e-01,1.941001689350727588e+00,5.390234236600169185e-05,1.855871710892185167e-01,1.896784279270049112e+00,2.000000000000000000e+00,2.000000000000000000e+00,2.852435959575826195e-04,1.215717670235959780e+00,0.000000000000000000e+00
3.059941278329246853e-03,7.413125084409131205e-01,9.222865010060572466e-01,4.328133906435662759e-01,2.074088156955160578e-01,4.743201622655115468e-01,3.491316394684296220e-02,1.477029020183796337e+00,2.000000000000000000e+00,1.864436968971125541e+00,1.700235176166762230e+00,1.316553451802460195e-01
2.160015464817119923e-01,7.655867799481255176e-01,1.052201369153092925e-01,4.207561751961206298e-01,2.000000000000000000e+00,1.274900607298669719e+00,6.067262940947331096e-01,5.050097735931426968e-01,8.691379401853271958e-01,1.706002778095474959e+00,5.362319091011817918e-01,1.626147353751617342e+00
1.734895058214699581e+00,1.011064818896759476e+00,2.000000000000000000e+00,5.270184873876637699e-01,4.977942223560212487e-02,2.586337593482274100e-01,1.964797814843148860e+00,5.189577239937854802e-01,2.040252156099645053e-01,3.112251434166041220e-01,1.015498742198040816e+00,1.303721294748703130e+00
2.898489958321088800e-01,6.857730929580645451e-01,4.666316816515538868e-01,1.549064658418989104e+00,6.837832904144052204e-01,1.762809477797692981e-02,8.006959314441646214e-01,1.253553573738599880e+00,1.804544960497659112e+00,2.000000000000000000e+00,1.797387725574114192e+00,5.027467672496326312e-01
9.397583377470888344e-01,7.627066042127390588e-01,3.962876902132359547e-01,6.700895684638044081e-01,1.335031283199436647e+00,2.000000000000000000e+00,1.111315437951360341e+00,1.516360792781216826e+00,1.872941623671754208e+00,3.186601331796208303e-01,4.533967198150585798e-01,1.279194553256117750e-01
8.248972545836088057e-05,1.879497903766687905e+00,1.072101817233162890e+00,6.268690226200577956e-06,1.055888455982040952e+00,1.960356728721912134e+00,1.175894866994388721e+00,1.485701756456510036e+00,1.981068067042031977e+00,2.000000000000000000e+00,0.000000000000000000e+00,2.882945797460807064e-04
1.768533606163445349e+00,6.258161645103488269e-01,1.388607988410466731e+00,1.749416823586245062e-01,3.912030476307968296e-01,1.962235084112124994e+00,1.538061391283706225e+00,1.933418754395571426e+00,1.971161779227820876e+00,1.418059784152567726e+00,7.668809638462104061e-02,1.956667995423776452e-01
0.000000000000000000e+00,1.952195835593478535e+00,0.000000000000000000e+00,6.223414919060401760e-05,0.000000000000000000e+00,1.649528945198175389e+00,1.501497261354138857e+00,2.000000000000000000e+00,2.000000000000000000e+00,1.333737820739535837e-04,8.354321069480794559e-01,0.000000000000000000e+00
0.000000000000000000e+00,2.000000000000000000e+00,2.000000000000000000e+00,0.000000000000000000e+00,5.250581036423447590e-02,1.944517749333797063e+00,9.540068246282762399e-01,1.228326040153509435e+00,2.000000000000000000e+00,2.000000000000000000e+00,5.056393496270940036e-01,0.000000000000000000e+00
2.175118923328660525e-01,5.615868166411992490e-01,2.206258917723910029e-01,5.388824834994507817e-01,1.612018532692041095e+00,1.406832615479233883e+00,1.271253948416831481e+00,1.625734537060374851e+00,7.366416869083725061e-01,1.476431813297679474e-01,7.186803647543187346e-01,4.189430236530184981e-01
2.000000000000000000e+00,2.000000000000000000e+00,0.000000000000000000e+00,0.000000000000000000e+00,2.000000000000000000e+00,2.000000000000000000e+00,2.000000000000000000e+00,2.000000000000000000e+00,8.070746506898142103e-01,2.000000000000000000e+00,6.939084328784045352e-01,0.000000000000000000e+00
2.465241240183590045e-05,1.910212893036374829e-04,0.000000000000000000e+00,1.585003142712491106e-04,1.567452232054288741e+00,1.699073625909699897e-05,7.629451627271186258e-05,2.000000000000000000e+00,5.492727245886529497e-01,2.188964107599703076e-04,6.744172791532104805e-01,1.972822814981951556e+00
3.432925054149269517e-01,4.770615801026989455e-01,3.253687406819349981e-01,2.892616288026010896e-01,6.605990746190042451e-01,1.523201311393739266e-01,6.759827619438274482e-01,1.673577661170787323e+00,1.020211726338963176e-01,7.305040015376507156e-01,1.261564233199182622e-02,1.756906778880104603e-02
4.910265076852045329e-02,3.139400285722808459e-04,7.008813632580910280e-01,0.000000000000000000e+00,2.162194679497175744e-05,0.000000000000000000e+00,7.432120867438529732e-01,1.765793388290088917e+00,1.809686582920814413e+00,8.259877498069994532e-05,0.000000000000000000e+00,1.348646277113240289e-04
0.000000000000000000e+00,2.000000000000000000e+00,0.000000000000000000e+00,0.000000000000000000e+00,1.441603506439674387e+00,2.000000000000000000e+00,1.955200711289474924e+00,1.552496618892778013e+00,2.000000000000000000e+00,1.688521252773332648e+00,4.687400154374103678e-02,0.000000000000000000e+00
1.652732276077903517e+00,1.947112121871432677e+00,0.000000000000000000e+00,2.995752613718724526e-05,9.759529114959328844e-01,2.000000000000000000e+00,6.238091180702127758e-01,1.576015640798178907e+00,2.000000000000000000e+00,2.000000000000000000e+00,5.759205055183125310e-01,0.000000000000000000e+00
1.893663786383635639e+00,1.649716002204921317e+00,1.477281037933424468e+00,1.377149992968818319e-05,0.000000000000000000e+00,7.513264381799124076e-05,5.381885374661394827e-01,7.549437896758923738e-01,6.117659103436212946e-05,2.000000000000000000e+00,0.000000000000000000e+00,4.773516608706165768e-04
9.861166437504058635e-01,1.252797048321895794e-05,2.000000000000000000e+00,1.844468432649435385e+00,1.022169599178797572e+00,1.979629747076779189e+00,5.478241645547989869e-01,1.860620558015620318e+00,1.676151389338346398e+00,1.923531536050191999e-04,1.274373035806201232e-02,5.558108682656777867e-04
1.422756675878866393e-04,2.000000000000000000e+00,1.928413033662428333e+00,2.962770083023218387e-04,0.000000000000000000e+00,2.526230849501985109e-04,6.699594946436686627e-01,1.642751649014360993e+00,3.110613311882630210e-05,1.959126809309678752e+00,2.797684305420980759e-04,0.000000000000000000e+00
0.000000000000000000e+00,5.126516500925020203e-01,2.740027815991979236e-05,1.043732291201392685e-04,1.933262511920713411e+00,7.177292047816394933e-05,8.522805996347869728e-01,2.000000000000000000e+00,8.932693282384298196e-05,5.378793598234817841e-01,1.928433580027705263e-01,0.000000000000000000e+00
1.961942207675747341e+00,8.903536700626229865e-05,1.331629744661503523e+00,0.000000000000000000e+00,1.084012703917855980e+00,2.000000000000000000e+00,7.926387075080929545e-01,1.077105285872554941e+00,2.000000000000000000e+00,1.411667431002786355e+00,7.003909812113071620e-01,1.250367382502452163e+00
1.618890797923097757e+00,2.892999878630638752e-05,8.437863804103094001e-01,3.551275341593602476e-05,1.025876791964364987e+00,7.499291349628669501e-01,9.035189929482394522e-01,2.000000000000000000e+00,0.000000000000000000e+00,7.064127554277717103e-01,9.816021934113625114e-02,2.125011838507182092e-05
1.364234935877422839e+00,2.947117919611099701e-01,3.446168761668726432e-01,9.299131900985901922e-01,9.278335697580200048e-01,3.452884363113957189e-01,1.963874763172040350e+00,1.854543709861745882e+00,1.759655748374150175e+00,1.254163645609548627e+00,2.437385062726267204e-01,3.837207490914770758e-02
1.654221315453676011e+00,1.827694439239690343e-04,1.944512915848994439e+00,5.477143723672621683e-05,9.076271204160146766e-01,2.108899881032400507e-05,2.003234562696480127e-04,1.989465030755235730e+00,1.682802960324504049e+00,8.297861441805847171e-01,9.658411942122556231e-05,6.174021760080945689e-05
1.788421596781374134e+00,1.841257119477892612e+00,1.794983026925012659e+00,1.396605353344948952e+00,1.853356623849174323e+00,1.185243483170031809e+00,1.907492044594059966e+00,1.656838306515099557e+00,4.320137458885972559e-02,7.369165640801855766e-01,6.767033505093622558e-02,1.045724071628137963e-01
0.000000000000000000e+00,9.669736999428026891e-01,2.000000000000000000e+00,0.000000000000000000e+00,1.477437203391700038e+00,1.589884598783170677e+00,1.254827943696819936e+00,1.209180238886170322e+00,2.000000000000000000e+00,2.000000000000000000e+00,1.681298126198867426e-01,1.717053216182029595e-04
1.981732476538248022e+00,1.044244144529942631e+00,7.254228131040800776e-01,2.000000000000000000e+00,1.347500445493462262e+00,8.361981275476400022e-01,1.246977603717325245e+00,1.304638302337652878e+00,2.000000000000000000e+00,2.000000000000000000e+00,1.815872671468563015e-01,1.124289765229605657e-05
6.354427817717309690e-01,1.061645506378543457e-04,5.083372506191584101e-05,3.375454016835405908e-05,7.898798201118053530e-01,1.526974694966141133e-01,3.976755994672817260e-05,1.983691302905319365e+00,0.000000000000000000e+00,0.000000000000000000e+00,0.000000000000000000e+00,1.943536922609963844e-05
1.996768948333411231e+00,6.573673624326719089e-01,8.251651556661286060e-05,4.070383338211352867e-05,1.286816534870489193e+00,1.754064975624975993e-04,8.459865866556406377e-01,1.641825362852260994e+00,1.979759420069420427e-04,1.967364566741627740e+00,1.183559574390408381e-04,0.000000000000000000e+00
1.659968848943540465e+00,1.126874960104074508e-01,0.000000000000000000e+00,4.552941898391965059e-01,8.267275444639862747e-02,1.257218375129330265e-05,9.948904731285537206e-01,1.724028972081682154e+00,0.000000000000000000e+00,1.126321941966576867e+00,4.737574454750407372e-05,2.663955465666671425e-04
4.520819572590799584e-01,6.069381296682525573e-01,2.890202275339778248e-01,5.808037319916938834e-01,1.201452168537745280e+00,3.148009884039437711e-01,1.419014785464694395e+00,1.684254278400052485e+00,2.598334009621938723e-01,6.749031580537179220e-02,5.212909940671239806e-02,7.091770742295948615e-01
1.137892436679188268e+00,6.103843466199583290e-01,1.659544653738108000e+00,2.947918984712247781e-01,8.709803062177923216e-01,1.605284207324617185e+00,1.057216712295772520e+00,7.318895252262175299e-02,8.307125470191554228e-01,1.286950553765440763e-01,5.084215573299137869e-01,2.396838010953066811e-01
4.102242869908362551e-05,2.485585301372431055e-01,6.274456968616906050e-01,5.114449429745965281e-01,1.177222752768885439e+00,2.000000000000000000e+00,6.649643109334089086e-01,1.516023773147332943e+00,1.768439424229199641e+00,3.338819525781253073e-01,1.991223945929150085e+00,6.628153647282476605e-05
0.000000000000000000e+00,0.000000000000000000e+00,1.911965431580688879e+00,3.372844269347636701e-04,2.639793612404116585e-01,2.000000000000000000e+00,2.000000000000000000e+00,0.000000000000000000e+00,2.000000000000000000e+00,0.000000000000000000e+00,4.892413933761415867e-01,0.000000000000000000e+00
1.958822511299186608e+00,2.309488765380444302e-06,9.476602386273238476e-01,1.534391439294959802e+00,1.555845193168951202e+00,2.000000000000000000e+00,9.945779081600703009e-01,2.000000000000000000e+00,1.979434791945915986e-04,7.124063874685344633e-01,6.327361831245659207e-01,4.337780098631301216e-04
4.736822998839460008e-02,1.780923775895125960e+00,2.672867346021248203e-01,1.472868794182877306e+00,6.963740353745966338e-01,3.192983580941579635e-01,1.744898032923820619e+00,1.182976677774182583e+00,2.000000000000000000e+00,1.958939059751388267e+00,5.665737369678547353e-01,7.288075024663021040e-02
2.000000000000000000e+00,1.168070952361705689e-02,3.763599646225765927e-01,1.200801921923452920e+00,1.523261670781797417e+00,3.562948094307821778e-02,1.590096784861370072e+00,2.245024599596442405e-01,1.206627615832531308e+00,1.930637363014780394e+00,7.513153898049740320e-01,3.172465662600970626e-02
2.000000000000000000e+00,1.168315578716913272e+00,2.628336935168440729e-04,1.212803423714036658e-04,1.814200778843985340e+00,1.975013776035639684e-04,1.174067026103406519e+00,2.000000000000000000e+00,1.990410989225519067e+00,1.016504975660282639e+00,5.063290759855924028e-01,3.235580126721671838e-05
0.000000000000000000e+00,7.706117291243888001e-01,1.521566437683735673e-01,3.415648224160309221e-01,2.000000000000000000e+00,1.643633562869508682e-05,9.167265959424955035e-01,5.376335981257531760e-01,1.870263871913249609e+00,1.211246639567292727e-01,7.466143412763783793e-01,0.000000000000000000e+00
0.000000000000000000e+00,1.100776701089067829e-04,7.423822823647880536e-05,1.671282102323635847e-04,5.957031388080626932e-01,3.242554605197950053e-05,8.744685184007803258e-01,1.943304192218596960e+00,3.251143213434747156e-04,1.791926834340175745e+00,1.896976546768080552e-04,0.000000000000000000e+00
1.920188365427807575e+00,0.000000000000000000e+00,0.000000000000000000e+00,0.000000000000000000e+00,1.695654437351609367e+00,2.000000000000000000e+00,2.180851775205447929e-01,1.695759380538129690e+00,6.517320737243317286e-01,6.827621255440041725e-01,7.778478514429776336e-01,0.000000000000000000e+00
2.043826913289729097e-01,2.446821888663524014e-01,1.595856902498407948e+00,1.044720530248956836e+00,1.239523015010127072e+00,6.685873152171868394e-01,9.772434717086813105e-01,6.913581578544423234e-01,7.985485034639823176e-01,1.125657939190524814e+00,1.695947491102228061e-02,1.908268312039544390e-01
5.928900800938888206e-05,4.418758318585912503e-01,8.930711506489343865e-01,1.884631910478705485e+00,1.430526101551147011e+00,1.540648358773172300e-01,6.786006614323982777e-01,1.463360036565488631e+00,3.775356565822762800e-01,7.478779570827365220e-01,6.577970097736351995e-01,0.000000000000000000e+00
1.226586264209965638e+00,7.004935544709232076e-01,0.000000000000000000e+00,1.667471993696521024e-05,1.868818832942941377e+00,1.708105911842223979e-04,8.537811782832911423e-01,2.000000000000000000e+00,1.520438711432884116e+00,1.534399647378339449e-01,9.710224455129536913e-01,9.967095830087292665e-05
4.852303555246496652e-05,6.740225217939874724e-01,7.314549240127058427e-01,0.000000000000000000e+00,6.448960504594527521e-01,1.498772507637679219e+00,6.761513504340729286e-01,1.496939673358143930e+00,0.000000000000000000e+00,8.162516943623036036e-01,0.000000000000000000e+00,3.365037143073696828e-05
4.471307120456518014e-01,2.120758489665219848e-01,1.620786245827072314e+00,1.882649778845649102e+00,1.653493844318863815e+00,1.871090739765612909e+00,1.346929398693985647e+00,9.579990403325528980e-01,2.000000000000000000e+00,4.829837839671300426e-01,2.064534674364795208e-01,8.901894223176692877e-02
1.479758727014470561e-05,0.000000000000000000e+00,2.744660906222869210e-04,0.000000000000000000e+00,8.377693328213033919e-01,1.941045475835224465e+00,1.366567416222253417e+00,1.942527431727495646e+00,2.000000000000000000e+00,3.417800107044635105e-01,8.326650384012468376e-01,0.000000000000000000e+00
1.996844124345058091e+00,1.294971791639532466e+00,0.000000000000000000e+00,2.000000000000000000e+00,2.000000000000000000e+00,0.000000000000000000e+00,1.501159234049392454e-07,2.000000000000000000e+00,8.880077560322434671e-01,1.089902724136169176e-01,4.138673662301177725e-01,0.000000000000000000e+00
2.000000000000000000e+00,1.229799265455321644e-01,2.000000000000000000e+00,4.903332091642985347e-04,2.000000000000000000e+00,1.382038469175987938e+00,1.057598673732077277e+00,7.148774425823292145e-01,6.339936768827829643e-05,7.301864577085392938e-01,4.387925613973215028e-05,1.600094128200264976e+00
6.337721987405899871e-01,6.107164634866752984e-01,1.741080086655795611e+00,0.000000000000000000e+00,1.521546620153380935e+00,2.000000000000000000e+00,1.162142717421547733e+00,2.163586483793665993e-04,2.000000000000000000e+00,1.072111771479439035e+00,4.867237086861425882e-05,5.122525318095425169e-04
0.000000000000000000e+00,3.356750806345326632e-01,0.000000000000000000e+00,0.000000000000000000e+00,9.277985582219629990e-01,3.011377377523409213e-04,6.676762462289251854e-01,1.321945404489043963e+00,0.000000000000000000e+00,8.301309025921548290e-01,1.785458880001547239e-04,0.000000000000000000e+00
2.000000000000000000e+00,3.639641174847009220e-01,8.018050430747234447e-01,0.000000000000000000e+00,2.000000000000000000e+00,7.068286680084714391e-01,1.966112191139587573e+00,1.158169591904734119e+00,4.537304385852306953e-04,6.429391827974195728e-01,4.679285128991269612e-05,9.598982711567645154e-01
1.443738511060023821e+00,1.939944059013848587e+00,4.866034298448135287e-01,0.000000000000000000e+00,2.000000000000000000e+00,4.352349819362813911e-05,1.159464676314118314e+00,1.743544487325529690e+00,1.802168664986794955e+00,8.899087078064491507e-01,4.244615961100002277e-01,0.000000000000000000e+00
1.548654550764206661e+00,3.560884971065476634e-01,2.777865268791448461e-01,7.327975043944823241e-01,1.586378368623046153e+00,1.526385418457541832e+00,1.918916791327621718e-01,2.000000000000000000e+00,1.276091537486133021e+00,1.970153720188632995e+00,1.942658604590096622e-02,9.006105060936739903e-01
7.661296669659605207e-01,7.934694821920320607e-01,1.070971831573579447e+00,1.800312987067600456e+00,1.220380409800061017e+00,1.988521061487853459e+00,1.485546643690690782e+00,4.320229075816797160e-01,5.217977430697304797e-01,2.012930467202194151e-01,3.562385421171889721e-01,1.523662086227475232e-01
2.000000000000000000e+00,1.968776259752639923e+00,1.357061809902495586e-01,0.000000000000000000e+00,1.350896946166849855e+00,1.707479559768392718e+00,1.076765901849050966e+00,2.000000000000000000e+00,2.000000000000000000e+00,9.120221874751573230e-05,0.000000000000000000e+00,0.000000000000000000e+00
8.737331036762854275e-01,8.248084741469230430e-01,7.563254082451422722e-01,5.261275905065099234e-01,1.146525426743256304e+00,7.352700236334470674e-01,1.102928949219852406e-01,1.099531451600141096e+00,8.594532172002420367e-01,9.161961353893413040e-01,8.821183480216321371e-01,2.830638891595051998e-01
2.440635491752376042e-04,1.614054395660279896e-04,1.472961765734636996e+00,1.987704543885298095e-04,1.425224940316562661e+00,1.294086162762153380e+00,1.081765816395910740e+00,1.451552049376536813e+00,2.000000000000000000e+00,2.000000000000000000e+00,1.178129222731093127e-04,0.000000000000000000e+00
0.000000000000000000e+00,2.000000000000000000e+00,1.092144853422406282e-04,1.134003738829971297e+00,2.000000000000000000e+00,2.000000000000000000e+00,1.345990672837426239e+00,7.186338684805959609e-01,0.000000000000000000e+00,2.000000000000000000e+00,1.266128915568358604e+00,3.450490160107791784e-04
4.473757273964790605e-07,2.000000000000000000e+00,8.861639499814006893e-01,2.000000000000000000e+00,1.598209018227347400e+00,2.000000000000000000e+00,1.145997713781045757e+00,2.000000000000000000e+00,2.000000000000000000e+00,1.960029364309218813e+00,3.665596942929678637e-01,4.367951423882118116e-04
0.000000000000000000e+00,7.316024210575627104e-05,3.091009237733119974e-01,0.000000000000000000e+00,1.004024310276263154e+00,9.684115290394731268e-06,5.380924070924699709e-01,1.426019864645351021e+00,3.698461754176888272e-01,1.674278315042549536e+00,1.442998749891057423e-04,4.366179567664149933e-04
5.480963414008455103e-01,1.297567361352967463e+00,1.078956740134130038e-02,1.325865170617229194e-01,1.839287590275333617e+00,1.037626749271052251e+00,1.775920357508921299e+00,1.952929426519093958e+00,1.165321594152159523e+00,2.597664493345704928e-01,1.902760426984867470e-01,1.013426087451562152e-01
2.000000000000000000e+00,2.000000000000000000e+00,0.000000000000000000e+00,1.783180825842012318e+00,1.639943209402317414e+00,2.000000000000000000e+00,2.000000000000000000e+00,2.000000000000000000e+00,2.000000000000000000e+00,0.000000000000000000e+00,0.000000000000000000e+00,0.000000000000000000e+00
0.000000000000000000e+00,0.000000000000000000e+00,1.349015068521886018e+00,1.877268548177314145e+00,1.365811448515387383e+00,8.911504829384170713e-05,1.195489729840080173e+00,2.365328216064981892e-01,0.000000000000000000e+00,9.152168032686220922e-01,3.249495789623802573e-04,0.000000000000000000e+00
2.000000000000000000e+00,0.000000000000000000e+00,1.611437191739568898e-04,4.310752159086888025e-01,1.753932914144510136e+00,2.000000000000000000e+00,1.990444829391708303e+00,1.454161834007838383e+00,2.000000000000000000e+00,4.298087173205134004e-01,3.482004338874332694e-01,0.000000000000000000e+00
1.938791828719124588e+00,0.000000000000000000e+00,1.420804309048929959e+00,2.000000000000000000e+00,2.000000000000000000e+00,1.896842436916873265e+00,1.897429170723427484e-04,1.339064539960934219e+00,1.938599368644470466e+00,8.172983051105113805e-01,1.255438946772408304e+00,1.626226167708490600e+00
8.453216644764774412e-02,0.000000000000000000e+00,2.000000000000000000e+00,1.751319718544588788e+00,1.931291157423239646e+00,6.608381541479675381e-01,9.744554874210162865e-01,2.000000000000000000e+00,1.024025528871904012e+00,6.587212172803929011e-01,6.227172070589467650e-05,0.000000000000000000e+00
0.000000000000000000e+00,3.635025430333803098e-01,3.206867113924906088e-01,9.686924649984811619e-01,1.059407809670392941e+00,0.000000000000000000e+00,5.784005656230185588e-01,2.000000000000000000e+00,9.705815677741022052e-01,6.906987542442230010e-01,5.965451828704636250e-02,0.000000000000000000e+00
1.990871489413997608e+00,1.973588285491576499e+00,1.329005820499647772e+00,2.943268302987615218e-04,1.696977426042848069e+00,2.000000000000000000e+00,2.000000000000000000e+00,1.865808462158883962e+00,2.000000000000000000e+00,3.771601168382215257e-05,6.464715870434403211e-01,1.993110346298483898e-05
2.800659324014941332e-01,2.532548546030902181e-01,2.387673499500983509e-01,1.952977739934277146e+00,1.844849291279484049e+00,1.862590629740870521e-04,4.465652996632092364e-01,2.000000000000000000e+00,5.084239630742037132e-05,2.000000000000000000e+00,9.028046337738155902e-01,1.862590629740870521e-04
9.697643194272851375e-01,2.000000000000000000e+00,1.906071756259971828e+00,1.908470851854333183e+00,1.637382258357918119e-02,2.262238920743495085e-01,1.857819378966540480e+00,2.003068819699377334e-02,1.335238004543223056e+00,2.000000000000000000e+00,7.682062481965751255e-02,1.256124766458693642e+00
7.534845107615011361e-01,1.996282730648735182e-02,0.000000000000000000e+00,0.000000000000000000e+00,1.470215499789412572e+00,1.962775858698915243e+00,9.993293911785727790e-01,1.777313673562483043e+00,0.000000000000000000e+00,6.509332760379662464e-01,8.334800846626402304e-01,3.989454559938662519e-04
5.342387250319833303e-01,8.464902608420201702e-01,1.785571272008561250e+00,1.792121009806470155e+00,1.749197296761934028e+00,5.657750692417200522e-01,9.816346419173860305e-01,4.454258519338347710e-01,2.721668540299628791e-01,1.372983388086849610e+00,4.850418522931159160e-01,1.840655862418938193e+00
2.000000000000000000e+00,5.083941429586331662e-01,8.136079935658802054e-01,1.888369887092660490e-04,2.000000000000000000e+00,6.235685458878357235e-01,2.000000000000000000e+00,1.825681960167159446e+00,7.997711633770596684e-01,5.236365072214754779e-01,1.941771051425787320e+00,1.043583042956857689e-04
1.886524749898571329e+00,1.103592172621906453e+00,1.950084050034033289e+00,0.000000000000000000e+00,1.878399664652520062e+00,2.000000000000000000e+00,1.181670174584446453e+00,2.000000000000000000e+00,1.939405207805269704e+00,8.461135921500380504e-05,3.027723838165380377e-01,0.000000000000000000e+00
2.000000000000000000e+00,1.661798539272939745e+00,6.064897054549072131e-01,0.000000000000000000e+00,1.612766433779074582e+00,2.000000000000000000e+00,1.204041983679775996e+00,2.000000000000000000e+00,1.987515664504009294e+00,1.814167252947437525e+00,5.908583199318327895e-06,1.243981665326516660e-04
0.000000000000000000e+00,1.227927757934605069e+00,1.919273135857317027e-04,0.000000000000000000e+00,1.847434696882874317e+00,2.000000000000000000e+00,1.433276247702309103e+00,2.000000000000000000e+00,1.065597541257123373e-04,2.000000000000000000e+00,0.000000000000000000e+00,0.000000000000000000e+00
8.095614667257959862e-01,3.043100640047685657e-01,3.357628175312271646e-02,5.014892430019507463e-02,8.863069421101618661e-02,1.864483685891339615e+00,1.630289121303347244e+00,1.583661652949657217e-01,2.691632241001965520e-01,1.044725340740316089e+00,1.711630349025117681e+00,1.212216418419663988e+00
2.906847265526307051e-04,1.311247319240914422e+00,2.000000000000000000e+00,9.868771652176653317e-05,7.537734467037326969e-01,1.609892932081865791e+00,1.390753260875945863e+00,1.931280903595717469e+00,1.990809770399527778e+00,2.000000000000000000e+00,1.614067397985154769e-04,1.091408870678913662e-04
2.064079837162417427e-04,2.667293983476861641e-01,7.067416548792868625e-01,1.339767437880448497e+00,1.637501963413872552e+00,2.396124559804920784e-01,5.490108113239458021e-01,2.000000000000000000e+00,1.386996503829083854e-04,6.817013649401954380e-05,1.807957384626670105e+00,0.000000000000000000e+00
0.000000000000000000e+00,2.000000000000000000e+00,0.000000000000000000e+00,2.000000000000000000e+00,2.000000000000000000e+00,1.682796420958863726e+00,5.396243460641539998e-05,1.888061735739822389e+00,1.563414260395768808e-05,1.951178528513751953e+00,1.516274100905278255e+00,0.000000000000000000e+00
0.000000000000000000e+00,3.861566052045903863e-01,8.374344980508036107e-01,2.202796242618594857e-01,4.197634022669018417e-01,3.284513223430456375e-01,9.754930473315793771e-01,2.000000000000000000e+00,0.000000000000000000e+00,2.000000000000000000e+00,9.112302769774309474e-03,0.000000000000000000e+00
6.591082581310687694e-01,9.428694218128724769e-01,0.000000000000000000e+00,7.689057757470200451e-05,7.648439599447895976e-01,1.205448321497418096e+00,1.271801730986838130e+00,1.951706365251489661e+00,2.000000000000000000e+00,2.000000000000000000e+00,1.639266168324013482e-04,2.547216542900991674e-04
3.933355190297818551e-04,9.744163559960604599e-05,1.904288035976047233e+00,1.919905738408982376e+00,1.741428601680128363e+00,2.000000000000000000e+00,7.337104784405685809e-01,6.375083313087779313e-01,0.000000000000000000e+00,1.497074883302301296e-04,9.154098520534825756e-01,0.000000000000000000e+00
6.059759454583264001e-06,1.501246787167799024e+00,6.444948693680654372e-01,0.000000000000000000e+00,1.535656104943447313e-04,1.117529283098454672e-04,1.696936951171724495e+00,2.000000000000000000e+00,2.000000000000000000e+00,2.000000000000000000e+00,0.000000000000000000e+00,0.000000000000000000e+00
0.000000000000000000e+00,0.000000000000000000e+00,0.000000000000000000e+00,4.666541978847938976e-01,2.000000000000000000e+00,9.336084271118549882e-01,2.000000000000000000e+00,2.000000000000000000e+00,2.000000000000000000e+00,2.000000000000000000e+00,0.000000000000000000e+00,0.000000000000000000e+00
2.000000000000000000e+00,8.160922026892027947e-01,1.864207095319574061e-05,5.092126941562388209e-01,1.901580167380600983e+00,2.000000000000000000e+00,1.253407195374120153e+00,2.000000000000000000e+00,2.000000000000000000e+00,1.138373457071437223e+00,0.000000000000000000e+00,7.961889913892387428e-05
0.000000000000000000e+00,1.662885908509143529e-01,1.205307796321230196e+00,1.980519961482268165e+00,1.931987383946688119e+00,1.180238379263474533e-04,6.417589404175372270e-01,1.889917868503872889e+00,8.981203237079187873e-05,1.901498969853824050e+00,8.431868306607572805e-01,8.416967125968077466e-05
0.000000000000000000e+00,0.000000000000000000e+00,1.659376927710670024e+00,1.531346270011704203e+00,1.546029719217203002e+00,8.409614717525950578e-01,7.703055309465365319e-01,1.091869116235931525e+00,2.000000000000000000e+00,1.281518399543466913e+00,6.712975925159214707e-01,0.000000000000000000e+00
1.247962717714047098e+00,1.347522277095490217e+00,2.000000000000000000e+00,0.000000000000000000e+00,1.159129048303223275e+00,2.000000000000000000e+00,1.615067081621265110e+00,2.000000000000000000e+00,1.963418138463548956e+00,1.902271930199525229e+00,1.132016797824058618e-01,5.610501230028736778e-06
8.758700114158227156e-05,1.898751284391360539e+00,9.867707896152579927e-01,1.012384533526830804e-05,5.674938026552408532e-01,1.243277529299969153e+00,1.292091497369584063e+00,2.000000000000000000e+00,1.953656537237121515e+00,2.000000000000000000e+00,5.871457930996967223e-01,2.472559549464333883e-04
4.332765320672512521e-01,7.376954316245376564e-01,0.000000000000000000e+00,1.463619798074236621e-04,4.249729599262049851e-01,0.000000000000000000e+00,3.519420369010177740e-01,1.168380947642182477e+00,3.821965104759621310e-04,0.000000000000000000e+00,4.192307152982989546e-06,0.000000000000000000e+00
2.000000000000000000e+00,2.000000000000000000e+00,0.000000000000000000e+00,0.000000000000000000e+00,2.000000000000000000e+00,2.000000000000000000e+00,1.009906007810376760e+00,2.298173510632444457e-04,1.954543826559325126e+00,1.793210824889891253e+00,0.000000000000000000e+00,7.935037985472527457e-05
0.000000000000000000e+00,1.068725050700604031e-04,6.279661101616906826e-01,2.912801148744479929e-01,2.000000000000000000e+00,2.457974947459579396e-01,8.811938246869697178e-01,2.000000000000000000e+00,0.000000000000000000e+00,9.906616176530815832e-01,1.920922658468522837e+00,2.460949185641751052e-02
1.946773501179634103e+00,1.911872111229853122e+00,7.147578413851232160e-01,2.930667976937890995e-02,0.000000000000000000e+00,2.000000000000000000e+00,1.454731163515157188e+00,2.000000000000000000e+00,2.000000000000000000e+00,1.510370841073762183e+00,6.666432915362150435e-01,0.000000000000000000e+00
2.000000000000000000e+00,8.774041039220932259e-01,1.238666246895082867e+00,0.000000000000000000e+00,1.966739755695193992e+00,1.953653456758616791e+00,0.000000000000000000e+00,2.000000000000000000e+00,2.000000000000000000e+00,3.485934674898026886e-01,3.142797033109951954e-01,0.000000000000000000e+00
9.989052632032304757e-01,1.666886725426600435e+00,5.867820967430026347e-01,1.613308778753206330e+00,2.346234417496144697e-01,2.000000000000000000e+00,9.046222597373407837e-01,1.575027459515696560e+00,1.171051768162939322e+00,1.800986597741327522e+00,2.637608829419448853e-01,2.923898016473895911e-01
1.012458084197503383e-01,7.986136840577819918e-01,1.187182404752693099e+00,1.964073396778070801e+00,1.696603667388432601e+00,1.190958614999740650e+00,9.399290906879236296e-01,5.708716526648030531e-02,1.577083328279262453e+00,2.830795911184608160e-01,4.919804526202875561e-01,1.274050889670261949e-02
1.975566212009173483e+00,1.978199313861026098e+00,6.315110380880915031e-01,1.758946966896004940e-04,1.762167150479424738e+00,1.109659643647605165e+00,7.791196305605327943e-01,1.962839553058556064e+00,2.000000000000000000e+00,1.634755992480037889e+00,2.551733452855622364e-01,1.758946966896004940e-04
1.940561884819540062e+00,1.896158126217097006e+00,0.000000000000000000e+00,6.043083134301720227e-05,1.719213272482276178e+00,1.030168240523424927e+00,0.000000000000000000e+00,2.000000000000000000e+00,1.644292117764019508e-04,0.000000000000000000e+00,3.857626857234404405e-02,1.164299592686859214e-04
1.480032856264802709e-04,2.438776027054878892e-01,6.931735543272292725e-05,1.941520373828659718e+00,1.321405616457986376e+00,2.505269497197211805e-05,3.857083582296662039e-01,1.958375848714680068e+00,1.204801530880116989e+00,7.206742122324092392e-01,5.607994685759131182e-01,0.000000000000000000e+00
0.000000000000000000e+00,1.703363451619445357e+00,1.082954014380674845e+00,5.682276484151517373e-05,1.864374009621389661e+00,1.980045326206592904e+00,1.197488479505688375e+00,2.000000000000000000e+00,2.000000000000000000e+00,1.750591766530880555e+00,0.000000000000000000e+00,3.388486543613952479e-04
2.474821568071957950e-04,2.474821568071957950e-04,7.873642688895883257e-01,6.412238496827866729e-01,5.972827360181647283e-01,4.202561480525939253e-01,4.301549032657951965e-01,1.956713596956179302e+00,8.949604569608469117e-05,7.204890817798996761e-01,6.316502717756616934e-05,1.120654901405291346e-04
1.944328840382888224e+00,4.506860073965677227e-01,1.535840296711464825e+00,1.697798647153452148e-05,9.188668595946252182e-01,1.153152204980421641e-04,7.841253957312457334e-01,1.989085330404313012e+00,1.596878628162863177e-04,8.744009904170931230e-05,1.125443209824202317e-01,5.491912400932094678e-05
2.740965423492704601e-04,5.627587614134177407e-01,1.556069590159370848e-04,1.184875370766366829e-04,1.774279936405389613e+00,1.765607038817725183e+00,1.232967614010219926e+00,2.000000000000000000e+00,1.726985235710188249e+00,1.918062875284745061e+00,1.360206871621932656e+00,2.016862414233445251e-04
7.666465256415445646e-05,2.627445016929600419e-01,4.060970613980403598e-01,2.000000000000000000e+00,1.632791064046718699e+00,2.000000000000000000e+00,1.765646881036055937e+00,7.840252223572061752e-01,1.874924706359465176e+00,0.000000000000000000e+00,1.866141519037904040e+00,0.000000000000000000e+00
8.117057060771554785e-05,5.026818953398972667e-01,7.629132504465002814e-05,3.377813892226550797e-04,6.532197072146632699e-01,1.549668890664304577e+00,6.332733976047479896e-01,3.412823809571005063e-01,5.126390917054653336e-04,1.989364829710653204e+00,0.000000000000000000e+00,0.000000000000000000e+00
1.026676646103427959e-01,4.541002999650431970e-01,1.243627192599375153e+00,8.660364203272986157e-05,1.711126046562228886e+00,7.740305435036018977e-01,3.137510376417680380e-01,1.927952146774861930e+00,1.353851045813124607e-04,1.954332715691445621e+00,0.000000000000000000e+00,2.969193572605025749e-05
2.000000000000000000e+00,1.044836457269574748e+00,2.000000000000000000e+00,2.232856864007499195e-04,1.695941006206414414e+00,2.000000000000000000e+00,0.000000000000000000e+00,2.000000000000000000e+00,1.984037507878962714e+00,1.950253977737511413e+00,0.000000000000000000e+00,0.000000000000000000e+00
7.969811827796821624e-02,7.008869052165673796e-01,8.874881075145524267e-01,1.700044582961477424e+00,1.194952082164514540e+00,4.211690396748346988e-05,4.770870631243619986e-01,2.000000000000000000e+00,0.000000000000000000e+00,8.395000574656581449e-01,3.344349857447926396e-04,0.000000000000000000e+00
2.000000000000000000e+00,4.493117717499632737e-05,8.817796495537524315e-01,2.470100682106175284e-04,1.387251393924189502e+00,1.870092699871474641e-04,1.149805369201148286e+00,2.000000000000000000e+00,0.000000000000000000e+00,5.658660970100661783e-05,0.000000000000000000e+00,2.324118673303695814e-05
8.385369726406458057e-02,2.035867994432263295e-01,4.918724513202077375e-01,1.972078840697620183e+00,1.707461116793605349e+00,2.909879067268782427e-01,2.721061276786910232e-01,1.223497678385470078e+00,0.000000000000000000e+00,6.413461544581102736e-01,1.946501717945957832e+00,4.551487772571475329e-05
2.469434365556366640e-01,1.257729784064128609e+00,1.970763133284633706e-03,1.753569370862877008e+00,2.000000000000000000e+00,1.401809191018261735e+00,1.805866450092512565e+00,1.936494496922104958e+00,1.689258509952805021e+00,1.469607680296402208e+00,1.450084974200247956e+00,1.585388544014534773e+00
2.000000000000000000e+00,1.849195569605666112e+00,1.981591885500992412e+00,0.000000000000000000e+00,1.730074328577411613e+00,1.938105915216114639e+00,1.012348192687002602e+00,2.000000000000000000e+00,2.000000000000000000e+00,1.991567293893324653e+00,4.152660013941255018e-04,0.000000000000000000e+00
3.615944196853296266e-01,3.005631942533206202e-01,2.000000000000000000e+00,1.863176078637909239e-01,2.000000000000000000e+00,2.284312038396424382e-01,7.101682059711883488e-01,0.000000000000000000e+00,1.714173987369111529e+00,1.085413555178333933e+00,0.000000000000000000e+00,4.220818081063093942e-05
6.743691444891197458e-06,1.005866791718778019e+00,3.930337722197680961e-01,0.000000000000000000e+00,6.767737960549211618e-01,3.112571388593459018e-04,2.000000000000000000e+00,1.984558917583063575e+00,0.000000000000000000e+00,9.105599607000216533e-01,7.991588526776500123e-05,1.893905708203681335e-05
6.689708485426235640e-01,3.385332903378071023e-01,1.392369333388730368e+00,1.136922906885624140e+00,1.834419695808654716e+00,3.958404530762851259e-01,4.562310072074973188e-01,2.000000000000000000e+00,0.000000000000000000e+00,5.100318213299843695e-01,9.636169497953090968e-01,0.000000000000000000e+00
4.743554833229149947e-01,4.377245926533961939e-01,3.930664062499999425e-05,2.000000000000000000e+00,3.494282003158132310e-01,3.930664062499999425e-05,4.419293459990164541e-01,1.461462001723666582e+00,3.930664062499999425e-05,1.650114496600905145e+00,3.930664062499999425e-05,3.930664062499999425e-05
1.512660814519881374e-04,1.752023520796484490e+00,7.669338890239094653e-01,5.837609945610335808e-05,2.000000000000000000e+00,1.288398756643433174e+00,1.141139492739010386e+00,2.000000000000000000e+00,2.000000000000000000e+00,0.000000000000000000e+00,1.738355258964325808e-04,1.249350629334695885e-04
9.852106088600339319e-05,3.273247757720250117e-01,7.965761216008604428e-01,3.051392424659573610e-01,1.341185240645087706e+00,3.591298543159866519e-01,7.448905806066974389e-01,1.427814540129194398e+00,0.000000000000000000e+00,6.036121764834292414e-01,5.266048195848669344e-01,0.000000000000000000e+00
