,Y,C,C_bool,OC
0,-1.8973001069275008,6.444619389065143,0,0.0
1,-4.376109322671867,10.688551221189323,0,0.0
2,-2.0480129212362583,7.07424871440803,0,0.0
3,-1.70644662209674,6.424901181223563,0,0.0
4,-2.1241503364919936,6.382532545985782,0,0.0
5,-5.4463164007227975,10.74220677173296,0,0.0
6,-2.1445370277573783,6.339877480027397,0,0.0
7,-2.8848268113513718,8.857021339605922,0,0.0
8,-2.408843216500556,7.193325667017847,0,0.0
9,-2.6986384723346637,9.080215938880936,0,0.0
10,-2.7446411972850377,7.548102505586543,0,0.0
11,-2.373490924663335,7.150918530218191,0,0.0
12,-2.9222649186083482,7.546284693564713,0,0.0
13,-2.147844849965689,7.364321483575786,0,0.0
14,-2.368513258706189,7.150918530218191,0,0.0
15,-2.4311135838657294,7.210268012248278,0,0.0
16,-2.18492436654485,9.962847688641276,0,0.0
17,-2.1445370277573783,6.339877480027397,0,0.0
18,-3.517260600478864,9.714731794571305,0,0.0
19,-5.320870919219841,10.74220677173296,0,0.0
20,-3.3963922028957443,8.553728468567725,0,0.0
21,-1.819797776401182,6.350822680437991,0,0.0
22,-2.3704006607091688,7.150918530218191,0,0.0
23,-2.300744273446559,7.033039731421834,0,0.0
24,-2.4400971590548526,7.010224080578156,0,0.0
25,-2.4525764976341167,8.153426604538353,0,0.0
26,-2.1346776617079017,7.193325667017847,0,0.0
27,-1.923984005162774,9.148283811249787,0,0.0
28,-2.354227676078621,7.141838354040224,0,0.0
29,-2.3704006607091688,7.150918530218191,0,0.0
30,-2.4221345723100867,7.210268012248278,0,0.0
31,-2.2355489900215715,6.509612392515939,0,0.0
32,-8.926369175151164,20.497720276449336,0,0.0
33,-2.408843216500556,7.193325667017847,0,0.0
34,-3.0383123209793768,8.276918371069169,0,0.0
35,-1.6736765858857228,6.187315109040639,0,0.0
36,-4.273551862813133,8.799335984285904,0,0.0
37,-2.121129371069613,6.359991097773957,0,0.0
38,-2.1575289836191733,6.355747624869274,0,0.0
39,-2.2205319842692246,6.571724443421676,0,0.0
40,-2.3697874804445402,6.709119056572143,0,0.0
41,-1.5434517905168084,5.9695437157899285,0,0.0
42,-1.7682957175282172,7.315091367896128,0,0.0
43,-2.0853296093161817,7.232793409962617,0,0.0
44,0.2698123499386675,4.2206742760435185,0,0.0
45,-1.9742649788489308,8.739733614883253,0,0.0
46,-0.8164312365099791,5.498757783825307,0,0.0
47,-0.616610210291859,6.104264573699566,0,0.0
48,-0.6413577261331307,5.484887353617191,0,0.0
49,-0.428251257494276,5.010494628062856,0,0.0
50,-2.751173187084829,7.306089239222048,0,0.0
51,-3.1378650356771187,9.819643454922744,0,0.0
52,-0.8351364738909425,5.752003911477798,0,0.0
53,-3.2634917776291643,9.045704957716435,0,0.0
54,-4.135530077645041,10.052478614832367,0,0.0
55,-2.822510303512425,7.349180859418854,0,0.0
56,-0.6853948941801178,5.177456056570772,0,0.0
57,-1.1290677241448888,6.028818767190224,0,0.0
58,-2.4525764976341167,8.153426604538353,0,0.0
59,-3.275856359894821,11.955711140762578,0,0.0
60,-1.0323007551588728,5.488429475485509,0,0.0
61,-2.380516133090059,7.193325667017847,0,0.0
62,-1.0712865061238253,5.7522975263311045,0,0.0
63,-5.366496297822038,10.12585138486475,0,0.0
64,-2.3213261189114345,7.210863256416429,0,0.0
65,-0.7473425233662276,5.841928303467829,0,0.0
66,-2.617397509647471,7.111029767770561,0,0.0
67,-1.1456056681116529,6.295874925350647,0,0.0
68,-0.6134603587907363,5.185093601128153,0,0.0
69,-7.293573117418119,14.001483608229966,0,0.0
70,-1.2327529114379423,5.779390520285442,0,0.0
71,-0.7943969048467441,6.52363308291509,0,0.0
72,-2.408843216500556,7.193325667017847,0,0.0
73,0.06429995945639601,4.4371584567833136,0,0.0
74,-2.6986384723346637,9.080215938880936,0,0.0
75,-0.7479669873931794,5.597535711502494,0,0.0
76,-2.667536222326337,11.533282482058615,0,0.0
77,-0.7969274475367429,5.957527711043509,0,0.0
78,-2.408843216500556,7.193325667017847,0,0.0
79,-0.8424406901402319,5.4903617591483815,0,0.0
80,-2.200386774059266,6.463753414716503,0,0.0
81,-1.5862100344606105,7.0598982664231125,0,0.0
82,-2.373490924663335,7.150918530218191,0,0.0
83,-2.408843216500556,7.193325667017847,0,0.0
84,-2.1342113964939653,6.339877480027397,0,0.0
85,-2.0825172000078256,6.527771453992808,0,0.0
86,-1.245675895796324,5.796991416042603,0,0.0
87,-0.9894833373328072,5.938223856042953,0,0.0
88,-2.528765932295234,7.023574965906992,0,0.0
89,-0.7961184390349328,5.9344707903446,0,0.0
90,-2.4098965754841104,8.706274639994374,0,0.0
91,-2.305156700048492,7.150918530218191,0,0.0
92,-2.619335444001679,7.181231427951799,0,0.0
93,-1.0083647278333812,5.546659131007731,0,0.0
94,-2.0401300036419325,7.211794509709446,0,0.0
95,-1.5655610661346933,6.115641936175686,0,0.0
96,-3.9961196823030094,11.012658540218057,0,0.0
97,-3.117939872611112,9.205943438266512,0,0.0
98,-2.153404967189617,7.872240262590943,0,0.0
99,-0.6532143759325127,5.1709817891577,0,0.0
100,-2.373490924663335,7.150918530218191,0,0.0
101,-2.4250273988043256,8.008047159430866,0,0.0
102,-1.631043125492469,6.736260863189383,0,0.0
103,-2.3569599743224847,6.666572107122388,0,0.0
104,-2.654719028419413,8.338427956419125,0,0.0
105,-2.6207083804123665,7.137005164151232,0,0.0
106,-0.7834635022299947,5.350223830837465,0,0.0
107,-0.38632665545683004,5.49850960159832,0,0.0
108,-1.7315505128919575,7.693071451592075,0,0.0
109,-2.3887772862892898,7.150918530218191,0,0.0
110,-0.5448773493542629,6.10713446378955,0,0.0
111,-1.5308370499407424,6.1427182258057025,0,0.0
112,-2.600706576021973,7.124165717912218,0,0.0
113,-1.9263921383626672,7.364321483575786,0,0.0
114,-1.6908094845822947,9.943275435445836,0,0.0
115,-1.9625048388273296,6.382532545985782,0,0.0
116,-1.6943872683376209,6.311287416891817,0,0.0
117,-2.1939038562111857,6.455748239844037,0,0.0
118,-1.7364317291728988,7.305726182959488,0,0.0
119,-2.3421123069889545,7.265018785365382,0,0.0
120,-2.4221345723100867,7.210268012248278,0,0.0
121,-1.5183673581907298,6.1414373155077495,0,0.0
122,-2.3704006607091688,7.150918530218191,0,0.0
123,-2.2517207828756645,7.277411902389388,0,0.0
124,-2.665738866717876,7.383871948140081,0,0.0
125,-2.4164663667517168,7.141838354040224,0,0.0
126,-2.3704006607091688,7.150918530218191,0,0.0
127,-1.7738286183723742,7.1297560234380875,0,0.0
128,-3.2945976569959776,10.043041934872429,0,0.0
129,-0.9434308679429056,5.797864826246147,0,0.0
130,0.09827323494591284,4.332050320325167,0,0.0
131,-2.387916236482817,9.201023442160023,0,0.0
132,-1.6715786172316165,7.323312072347647,0,0.0
133,-0.3938146136774469,6.114848382269787,0,0.0
134,-1.952986404717156,6.246518704312456,0,0.0
135,-1.4198491515458744,5.840949128298846,0,0.0
136,-1.7092400836722763,6.889975804020505,0,0.0
137,-1.019760876389951,5.904162811714758,0,0.0
138,-4.756959562211452,10.633901529976338,0,0.0
139,-1.6072645824992566,6.790220985571826,0,0.0
140,-2.2913800411095426,6.630228656779126,0,0.0
141,-1.116140943617847,5.5895290365232535,0,0.0
142,-4.451926155940206,10.269130774057363,0,0.0
143,-0.8141409642760487,5.678122923762549,0,0.0
144,-2.714803268288821,7.783752740924619,0,0.0
145,-0.877011280185258,7.308902686015736,0,0.0
146,-2.41949803481013,7.210268012248278,0,0.0
147,-2.157789141406099,6.382532545985782,0,0.0
148,-2.4216447702996797,7.277411902389388,0,0.0
149,-2.180340986524978,6.764651983424454,0,0.0
150,-2.231634517906617,6.43367243477404,0,0.0
151,-2.2037957880173646,6.4752015587120315,0,0.0
152,-1.0784925169290709,6.255914774277276,0,0.0
153,-0.1786373860650092,5.109041199361728,0,0.0
154,-1.3188311933341998,5.8838094919445565,0,0.0
155,-2.4221345723100867,7.210268012248278,0,0.0
156,-0.4429612534318814,5.4870301274033615,0,0.0
157,-3.4722570971157243,9.748326517590696,0,0.0
158,-2.4973871733780486,7.150918530218191,0,0.0
159,-2.098577494835507,7.150918530218191,0,0.0
160,-1.871564518847584,7.019415722852247,0,0.0
161,-2.3293719683088376,7.089073744512997,0,0.0
162,-1.8653029280565732,6.875492122858162,0,0.0
163,-1.8384913101833331,6.382532545985782,0,0.0
164,-2.4080440108968424,6.929559034217527,0,0.0
165,-2.370468936654053,7.150918530218191,0,0.0
166,-6.0464263560473785,11.012859127746534,0,0.0
167,-2.173714666463276,6.382794799294561,0,0.0
168,-2.7027139581748814,7.1701756556243,0,0.0
169,-1.8682463113000904,6.419479408485798,0,0.0
170,-2.37503308973927,7.150918530218191,0,0.0
171,3.333497419321304,4.84437153334469,0,0.0
172,-2.1075976287599785,7.150918530218191,0,0.0
173,-2.4221345723100867,7.210268012248278,0,0.0
174,-2.569472219146539,7.0829605130795565,0,0.0
175,-0.8461145404721654,5.907802811336587,0,0.0
176,-2.3704006607091688,7.150918530218191,0,0.0
177,-2.161530348517564,6.676145705049226,0,0.0
178,-2.4455515861026087,6.718426058641968,0,0.0
179,-1.6095487077719708,7.01681825429813,0,0.0
180,-0.8769355397224002,5.563185836636219,0,0.0
181,-0.2057844540725613,5.009400142849708,0,0.0
182,-1.3220686339089212,7.103076482268225,0,0.0
183,-2.896844879689505,8.510231839073313,0,0.0
184,-1.706104345634148,6.2837901566147165,0,0.0
185,-2.2303419913339475,7.440430213641551,0,0.0
186,-2.7935075993200105,7.2708181713488145,0,0.0
187,-2.4058726982582264,7.424264371556693,0,0.0
188,0.026878946341249987,4.337135278346523,0,0.0
189,-1.985474637730969,7.376471049463594,0,0.0
190,-2.0178242228506047,7.120602391581051,0,0.0
191,-1.7432773243567186,6.278089292668611,0,0.0
192,-2.019854526654864,7.468453799516318,0,0.0
193,-0.9150293186631367,5.2661883302335415,0,0.0
194,-2.363283199606165,7.150918530218191,0,0.0
195,-2.3738261018586946,7.150918530218191,0,0.0
196,0.08241154936032306,4.585651773393229,0,0.0
197,-2.408843216500556,7.193325667017847,0,0.0
198,-1.1717058690350912,5.689303053946299,0,0.0
199,-0.290158927325622,4.940803647747625,0,0.0
200,-2.3860241622012834,7.193325667017847,0,0.0
201,-0.4270594654859368,5.937021664089758,0,0.0
202,-2.3302238495199603,7.440430213641551,0,0.0
203,-2.6180003703520494,7.113548485316558,0,0.0
204,0.33206134886388816,4.909725001729597,0,0.0
205,-2.408843216500556,7.193325667017847,0,0.0
206,-2.2109784673277195,6.514932250031966,0,0.0
207,-0.19026886361211465,4.853660172049201,0,0.0
208,-0.4599419352167787,5.935777124245349,0,0.0
209,-2.4221345723100867,7.210268012248278,0,0.0
210,-0.44581981119412745,5.16412222173657,0,0.0
211,-2.635697815585051,9.578163165976623,0,0.0
212,-1.9293593087996133,6.96984465890775,0,0.0
213,-2.3805736324510343,7.150918530218191,0,0.0
214,-0.4250989752486439,5.262580647627135,0,0.0
215,-2.0735480589501,6.787261054549573,0,0.0
216,-1.6762849733301737,6.054981983124336,0,0.0
217,-2.3704006607091688,7.150918530218191,0,0.0
218,-1.935790718764928,6.39509042305624,0,0.0
219,-2.0063554065231908,6.5416818048652265,0,0.0
220,-1.8722652881368016,7.344978634662657,0,0.0
221,-0.5617889670165062,5.3584245577804825,0,0.0
222,-1.3870434856735192,7.870376076610147,0,0.0
223,-1.4785023056025444,6.046140065543272,0,0.0
224,-3.536113158944025,10.328175851733944,0,0.0
225,1.346365117748399,4.938348861654972,0,0.0
226,0.03466947472182022,4.905866870995124,0,0.0
227,-1.4593992524123007,5.9511845825534335,0,0.0
228,-5.2285701358033725,12.792879387549588,0,0.0
229,-2.2898292057028926,6.649880450697894,0,0.0
230,-0.4132623863278242,4.875520008999522,0,0.0
231,-2.3596621254275534,7.265018785365382,0,0.0
232,-1.9176741079895183,7.222561414035312,0,0.0
233,-0.8002012215919859,5.48530608306602,0,0.0
234,-1.9119871803637731,7.810847623582195,0,0.0
235,-2.188994397879759,9.114251864434156,0,0.0
236,1.3236324047283476,5.562525486935447,0,0.0
237,-1.5714309087427958,7.066939317259051,0,0.0
238,-1.9012868369247664,6.5454609712967065,0,0.0
239,0.17020880784425607,5.295513276118516,0,0.0
240,-2.408843216500556,7.193325667017847,0,0.0
241,-0.5834230569781482,5.417347469956692,0,0.0
242,-2.1393044443874283,7.399975038924924,0,0.0
243,-0.8888259714797156,5.40942023859813,0,0.0
244,-2.4432249248115943,9.384593699638142,0,0.0
245,-1.8264797639120087,6.382532545985782,0,0.0
246,-2.171480260281641,7.323312072347647,0,0.0
247,-1.4104834800726318,6.544112001338013,0,0.0
248,-2.408843216500556,7.193325667017847,0,0.0
249,-1.0536740099359567,5.628793231751944,0,0.0
250,-2.2512344012935324,8.61639063839469,0,0.0
251,0.06284581144517444,4.642243582093218,0,0.0
252,2.019433597555038,5.58358275234774,0,0.0
253,-2.370468936654053,7.150918530218191,0,0.0
254,-0.0980152681212933,7.9019203192988074,0,0.0
255,-3.6177936239063055,9.193643414337886,0,0.0
256,-0.2124721019181043,6.109630929694543,0,0.0
257,-0.4439603072443454,8.157866023437965,0,0.0
258,-0.6391975505367129,5.529188870745964,0,0.0
259,-2.3989224935494207,7.193325667017847,0,0.0
260,-0.9563146201778656,5.609721253241577,0,0.0
261,0.8335805354472481,3.670078639181897,0,0.0
262,-1.3671944634966962,5.770330486870548,0,0.0
263,-1.4111239908617959,5.7379488595294905,0,0.0
264,-1.421025764003407,6.0287519941086325,0,0.0
265,-0.4225908350229189,5.211745365169037,0,0.0
266,-0.2203896282325088,5.009881403400965,0,0.0
267,-2.117676171219985,6.3104989152833335,0,0.0
268,-0.2870318615578223,4.883867543723816,0,0.0
269,1.6250928899280384,4.243668844564967,0,0.0
270,-1.326647854653282,6.058880473413713,0,0.0
271,-1.0063260383204184,5.389470463024292,0,0.0
272,-0.16571114173572524,4.590582609754527,0,0.0
273,-1.3827415943359185,5.8274330095258025,0,0.0
274,0.9956513296299012,5.913092801339848,0,0.0
275,-2.3738261018586946,7.150918530218191,0,0.0
276,3.9287247005605,8.137783516220955,0,0.0
277,-2.008629363841444,6.387871821411138,0,0.0
278,-1.7010527749439246,7.241308307382094,0,0.0
279,0.5953786900771096,4.39957303592904,0,0.0
280,-0.41974053668784506,5.039289852030111,0,0.0
281,0.7174238389437845,6.898933115553563,0,0.0
282,0.0018158122341308453,4.576176477915915,0,0.0
283,-2.4236988294725514,9.729121016540825,0,0.0
284,-2.5880428395379824,7.047746415888644,0,0.0
285,-2.3229012688113357,6.801167400411344,0,0.0
286,-2.6264406495770736,8.134978416843419,0,0.0
287,-2.408843216500556,7.193325667017847,0,0.0
288,-0.6262472796489367,5.12229125515768,0,0.0
289,-2.00001249847822,7.55137147235484,0,0.0
290,-2.02625436511553,7.188692756419719,0,0.0
291,-2.3738261018586946,7.150918530218191,0,0.0
292,-2.2571658429624333,6.47843455288125,0,0.0
293,-1.097758650673962,5.773774563086735,0,0.0
294,0.5733824924812079,6.861915157371956,0,0.0
295,-2.245206845413006,6.532810742311424,0,0.0
296,-1.1907851787264843,6.481523174163502,0,0.0
297,-3.6255583696659217,8.154214567423585,0,0.0
298,0.09659628821360954,4.3914297111361025,0,0.0
299,-2.8867917883659198,7.381761280344125,0,0.0
300,-2.6417744765324147,7.150918530218191,0,0.0
301,-2.286690934731058,7.092143250138353,0,0.0
302,3.2634546821671817,3.4522656917640666,0,0.0
303,-0.902908294034792,8.585910600640513,0,0.0
304,-0.7356545761023361,5.227360804686949,0,0.0
305,-2.373911084044652,7.150918530218191,0,0.0
306,-1.3706830786789368,6.013399573027128,0,0.0
307,-1.6690140051902562,5.996331155119147,0,0.0
308,-0.2583639594450234,8.415326582869879,0,0.0
309,-1.062357895189943,9.547389864050137,0,0.0
310,-0.5804763851394423,6.2349982320415664,0,0.0
311,0.4627047729273695,4.306991059729421,0,0.0
312,-1.985854324463599,7.5668582347835525,0,0.0
313,-2.535046127824584,7.014532036700171,0,0.0
314,-2.0012270708003,6.576768630488702,0,0.0
315,-0.2504003055652908,6.762947998392706,0,0.0
316,-0.5714628140868016,5.251240335359207,0,0.0
317,-2.592021448994757,7.110860945239677,0,0.0
318,-0.6643587458487142,5.0479812571049125,0,0.0
319,1.226272739849558,3.678675219134196,0,0.0
320,-1.9717576591480197,7.0882460868337525,0,0.0
321,-2.534418163153954,13.08065371565102,0,0.0
322,-0.5791946897556973,5.188541102669079,0,0.0
323,0.768090818048467,4.07773465889449,0,0.0
324,-2.0061406817699323,7.1680803337767625,0,0.0
325,-1.078249664702839,5.534235975820991,0,0.0
326,4.15122159661286,3.2181178631469662,0,0.0
327,0.4424133416233392,4.164697101827931,0,0.0
328,-1.5563493047094112,6.4619187201117185,0,0.0
329,-2.4071515783398167,8.373312486158751,0,0.0
330,-2.355353124354852,6.686774562272129,0,0.0
331,2.0825664883733292,4.024606202849152,0,0.0
332,-0.7803289303084281,6.951904160796312,0,0.0
333,-2.128167990051377,7.42304969291644,0,0.0
334,-2.42252861325305,6.7234316787386845,0,0.0
335,-2.4186747703462865,6.609753286492367,0,0.0
336,-2.3673383572700275,7.150918530218191,0,0.0
337,-0.4560508849773488,5.668298483916242,0,0.0
338,-1.2493349083982015,5.9984356145798925,0,0.0
339,-2.478279103566316,7.163595436093972,0,0.0
340,-2.1070297127002875,7.188692756419719,0,0.0
341,-0.8054865172575413,8.032306214856856,0,0.0
342,-2.4930867736468296,7.465188116331474,0,0.0
343,-1.5607530799927618,5.933699558367202,0,0.0
344,0.1936855154746264,5.462917941134127,0,0.0
345,-0.7158439571310268,5.306491858357441,0,0.0
346,-1.6206513055133995,6.537530256677695,0,0.0
347,4.6714411969043645,3.3415104211253976,0,0.0
348,-1.2313520948063879,7.363771868406197,0,0.0
349,-2.121129371069613,6.359991097773957,0,0.0
350,-0.9517653031068706,8.342428489588519,0,0.0
351,-1.2400046365179422,6.0209181044189775,0,0.0
352,2.4877687780358895,4.2269528026870935,0,0.0
353,-0.6737675917736431,7.019997235833713,0,0.0
354,-1.4523143800299751,6.772883413107772,0,0.0
355,3.016117190771304,4.0095333069401065,0,0.0
356,-2.4445322092143718,6.869289833435463,0,0.0
357,-2.121129371069613,6.359991097773957,0,0.0
358,1.8987024687025504,4.0539368144180905,0,0.0
359,-1.9581584050777041,6.940780200018545,0,0.0
360,-0.9878502499329544,9.439819052795476,0,0.0
361,0.7237182016911151,7.719690592464127,0,0.0
362,0.5772048069263458,7.368826408527517,0,0.0
363,0.5474314670922465,5.923323862954218,0,0.0
364,-2.373490924663335,7.150918530218191,0,0.0
365,-0.6822306305371455,10.108241944541684,0,0.0
366,-1.1119211448719124,5.722533029326078,0,0.0
367,-0.3846296935960097,4.889259365120195,0,0.0
368,0.7401161771687147,4.677315692181239,0,0.0
369,-1.2858518340443847,6.022831176822968,0,0.0
370,3.0808226671794348,3.5940757019377783,0,0.0
371,4.6367849425784895,0.7742828270814244,0,0.0
372,5.348763451394047,-0.5972599169950934,1,0.0
373,5.425656150445888,-0.7235734178779376,1,0.0
374,5.362431366237827,-0.6639282214921013,1,0.0
375,5.4391464259533535,-0.6134786915694235,1,0.0
376,5.3867113930793895,-0.4869235295748808,1,0.0
377,5.515690756954179,-0.6525437601283136,1,0.0
378,5.5398922561234185,-0.659254924987597,1,0.0
379,5.4910487102394985,-0.5616827148197655,1,0.0
380,5.291931701577185,0.8214332832001401,0,0.0
381,5.304251269302734,-0.3036367814776764,1,0.0
382,5.045708790881597,3.182159241464338,0,0.0
383,5.385605298382249,-0.4533638151112666,1,0.0
384,5.286159005927441,0.7394013356886426,0,0.0
385,4.899463193776845,3.2722347984124025,0,0.0
386,5.237138298647566,-0.1914923076646994,1,0.0
387,5.530947587197274,-0.6355962764714195,1,0.0
388,5.263234928412971,0.8597116865847039,0,0.0
389,4.11884608109542,3.4193515560617582,0,0.0
390,4.4606059852815845,4.043374124693332,0,0.0
391,4.4308781329002835,4.6688232666970615,0,0.0
392,1.5530699978489844,4.229889615402787,0,0.0
393,3.514658146190081,3.208048618588184,0,0.0
394,4.383609022583584,4.050627894692163,0,0.0
395,5.374934086621939,-0.4557473912126273,1,0.0
396,5.180065221173423,-0.12081995943458652,1,0.0
397,5.138721896172663,-0.15938264527326734,1,0.0
398,4.995617914609385,3.2833048259782998,0,0.0
399,2.179029598589424,3.6075620067754532,0,0.0
400,0.4686826066409276,4.151005757750703,0,0.0
401,5.136231544426406,-0.07145511982681342,1,0.0
402,4.237300889932811,2.9074538557554224,0,0.0
403,5.144462734047682,-0.08973520229718929,1,0.0
404,4.599112727424791,3.2722650484289013,0,0.0
405,5.102098853335836,0.904922741545572,0,0.0
406,4.877811289471583,-0.037904887434452805,1,0.0
407,5.120181898415053,-0.4088094910773822,1,0.0
408,5.193631046213612,3.0277908167465433,0,0.0
409,5.39353826360845,0.832708003310704,0,0.0
410,3.5609180753676584,3.192858895538728,0,0.0
411,4.501352143199867,3.4639475228520964,0,0.0
412,-1.0921676318528493,8.682107021764708,0,0.0
413,5.337806346387809,-0.4051260795903033,1,0.0
414,4.945836672000231,3.605063377771603,0,0.0
415,0.725444360439498,4.356356940317286,0,0.0
416,5.23397754488268,-0.1608718789893601,1,0.0
417,5.148941988231943,-0.10926996580236617,1,0.0
418,5.530112088416089,-0.6298774305353289,1,0.0
419,5.254743273362079,-0.3191505378713941,1,0.0
420,2.603422391826036,2.886209325219573,0,0.0
421,5.075787654315408,-0.03266561083677743,1,0.0
422,5.282272655154518,-0.3440085786130567,1,0.0
423,5.356524744842037,-0.4832467179370212,1,0.0
424,5.384462784301003,-0.3654999514569431,1,0.0
425,5.032713030379521,-0.02890986311319807,1,0.0
426,4.890559779918184,2.790625184459865,0,0.0
427,4.694902407746792,3.76115594789662,0,0.0
428,4.651930367039426,3.919667585651701,0,0.0
429,4.073556483493348,4.058102892409962,0,0.0
430,5.14150741495013,-0.054280859769858116,1,0.0
431,5.5905470641402175,-0.7372760607571274,1,0.0
432,2.3243610159401653,7.9091276346411155,0,0.0
433,5.203725995892074,-0.2887619055223837,1,0.0
434,5.562685105258908,-0.6559314971132028,1,0.0
435,5.04867420680473,-0.3090622402334168,1,0.0
436,5.014346531145883,-0.09823521751441887,1,0.0
437,5.621334410795069,-0.6990218487923839,1,0.0
438,4.97924060728354,0.006468489377424475,0,0.0
439,5.5802256873950205,-0.7807787278919835,1,0.0
440,5.604834388636673,-0.7530345813381877,1,0.0
441,5.487500458182797,-0.5967994293721313,1,0.0
442,5.196833778376165,0.8089751008521193,0,0.0
443,5.591067797052988,-0.7338866581918492,1,0.0
444,5.440202524078256,-0.6050946595779174,1,0.0
445,5.361153927148369,-0.4184168708667062,1,0.0
446,5.403543787248516,-0.531283307146698,1,0.0
447,4.806559506804819,3.7450820000425646,0,5.621334410795068
448,5.543483445129051,-0.7236512516237803,1,5.621334410795068
449,5.23672637618199,0.7946109614408619,0,5.621334410795068
450,5.612022618135792,-0.8389071457221479,1,5.621334410795068
451,5.077613437543311,-0.13124422518802192,1,5.621334410795068
452,4.035983029658102,3.2086021109091787,0,5.621334410795068
453,5.2982507874921225,-0.4042551525551909,1,5.621334410795068
454,5.080340355694352,2.8658723074747616,0,5.621334410795068
455,5.533794969968098,-0.6614909470570655,1,5.621334410795068
456,2.5713174422308644,3.455397289250937,0,5.621334410795068
457,3.5657531422526154,3.3319916709877013,0,5.621334410795068
458,4.200573003693537,3.9285153721559083,0,5.621334410795068
459,5.340119406363275,-0.41089098212559066,1,5.621334410795068
460,5.126426940023837,-0.12585553606254676,1,5.621334410795068
461,5.749121302222277,-0.8330012366418288,1,5.621334410795068
462,5.447505389077667,-0.5764736287208746,1,5.749121302222277
463,4.6496558171917926,3.083355565660112,0,5.749121302222277
464,5.067003756474711,-0.09849189573066951,1,5.749121302222277
465,4.883285499569144,3.2310115297482174,0,5.749121302222277
466,5.195286254122229,2.923079551929733,0,5.749121302222277
467,5.697771733484257,-0.9173467675384392,1,5.749121302222277
468,5.495604737382357,-0.7084416169774039,1,5.749121302222277
469,5.26764772301786,2.5190536792060696,0,5.749121302222277
470,5.667595770844137,-0.9267774941369674,1,5.749121302222277
471,5.686586781714652,-0.8896485439409321,1,5.749121302222277
472,5.112859848987842,-0.16775256475953826,1,5.749121302222277
473,5.669072684944552,-0.8064663863619689,1,5.749121302222277
474,2.454418375132181,2.573394221435149,0,5.749121302222277
475,4.980188609203001,0.11159127373378454,0,5.749121302222277
476,5.474049850937359,-0.5682612732416743,1,5.749121302222277
477,5.688815047109449,-0.7887392420516971,1,5.749121302222277
478,5.473399243040101,-0.6462770674068224,1,5.749121302222277
479,5.101853181026533,2.8159466645381404,0,5.749121302222277
480,5.325902234444636,-0.4234175750011855,1,5.749121302222277
481,5.703593691187443,-0.818164752533479,1,5.749121302222277
482,-2.164155120815016,8.407771679740593,0,5.749121302222277
483,5.704406491764638,-0.8308009045679426,1,5.749121302222277
484,4.906138242698067,3.2504078138933443,0,5.749121302222277
485,5.582923698802772,-0.838849930497758,1,5.749121302222277
486,5.05067430966711,-0.37728613826428614,1,5.749121302222277
487,3.0224186563817597,2.167855618799731,0,5.749121302222277
488,5.430093342233256,0.6859206659837497,0,5.749121302222277
489,4.752572690333482,2.7634141208357654,0,5.749121302222277
490,5.593322768545297,-0.7709660469280408,1,5.749121302222277
491,-1.8831012304502377,6.995740641703667,0,5.749121302222277
492,5.637212465414723,-0.9193674302840157,1,5.749121302222277
493,5.628542091508473,-0.866089588900104,1,5.749121302222277
494,5.483868845533437,-0.8159863599204084,1,5.749121302222277
495,5.089430079914171,-0.05697770860660625,1,5.749121302222277
496,5.543308686818385,-0.7676657414210711,1,5.749121302222277
497,5.349578271676795,-0.3804365387155991,1,5.749121302222277
498,3.137238633364803,2.3069850712952165,0,5.749121302222277
499,5.724092981170499,-0.8862879567671222,1,5.749121302222277
500,5.0838182345514,-0.02475462014206755,1,5.749121302222277
501,4.537698533738841,3.9297330829554427,0,5.749121302222277
502,5.308219757552165,-0.6450448741548945,1,5.749121302222277
503,2.789708353884685,2.234979930566988,0,5.749121302222277
504,5.547199606520518,-0.8625764465465323,1,5.749121302222277
505,5.132016681529166,-0.13834284839018265,1,5.749121302222277
506,5.573235010810406,-0.7513733169503257,1,5.749121302222277
507,5.693483379979338,-0.8677035248287877,1,5.749121302222277
508,4.642267987395677,3.8057606229864005,0,5.749121302222277
509,5.124800364871233,0.744883112619512,0,5.749121302222277
510,4.456100818907167,4.229339401705824,0,5.749121302222277
511,5.6876455878980785,-0.8780563987917003,1,5.749121302222277
512,5.2796276695085735,-0.28763118183014397,1,5.749121302222277
513,5.147040140752855,-0.1196330028436745,1,5.749121302222277
514,5.069029209804529,-0.0441736891380657,1,5.749121302222277
515,4.1414117896081555,3.83488848686695,0,5.749121302222277
516,4.607982567356374,-0.19974634090829682,1,5.749121302222277
517,5.723157051191751,-0.9512578312623464,1,5.749121302222277
518,4.178206775741454,4.479308877650503,0,5.749121302222277
519,5.735781292404209,-0.8772217427229003,1,5.749121302222277
520,5.54236111305638,-0.6794277608209728,1,5.749121302222277
521,5.704086439880018,-0.9234603862984028,1,5.749121302222277
522,5.313121781634535,-0.36735531950884137,1,5.749121302222277
523,5.6569939332106784,-0.8660692492017324,1,5.749121302222277
524,5.557903163202755,-0.780842428363726,1,5.749121302222277
525,5.564541429595556,-0.810539434413858,1,5.749121302222277
526,4.717565638724988,3.840304320504946,0,5.749121302222277
527,5.546733817967558,-0.7045400012875365,1,5.749121302222277
528,5.70993988499404,-0.8839692659482131,1,5.749121302222277
529,4.740737196924161,2.7460662310038084,0,5.749121302222277
530,5.486859919614622,-0.5702893011220295,1,5.749121302222277
531,5.318696119525705,2.8376295088308243,0,5.749121302222277
532,5.547704550522204,-0.63434171079252,1,5.749121302222277
533,5.231454983452738,2.6084959486393804,0,5.749121302222277
534,4.986897751635559,3.3547098822975,0,5.749121302222277
535,5.686098931109854,-0.8782431479945154,1,5.749121302222277
536,5.593274333710451,-0.7253411344252231,1,5.749121302222277
537,5.425422917418428,-0.5063795580944475,1,5.749121302222277
538,5.767056687500724,-0.8798917305273966,1,5.749121302222277
539,5.79099945032516,-0.8549925583549833,1,5.767056687500724
540,-1.669934103256613,6.652320974027503,0,5.79099945032516
541,5.5893461942832205,-0.7680323787976556,1,5.79099945032516
542,5.497053275448676,-0.6127837038532021,1,5.79099945032516
543,5.701145406165733,-0.93673258272189,1,5.79099945032516
544,5.7514281901415885,-0.893775762095562,1,5.79099945032516
545,5.779706575016752,-0.9257422671493805,1,5.79099945032516
546,1.3371645465235744,5.448557021109621,0,5.79099945032516
547,5.278476424157656,-0.4517662989268473,1,5.79099945032516
548,5.783453164555509,-0.9145733919416682,1,5.79099945032516
549,5.769242367528935,-0.8520421386349301,1,5.79099945032516
550,1.9512405789504947,3.875330650950502,0,5.79099945032516
551,5.723996230706081,-0.7848346061966999,1,5.79099945032516
552,5.793563739485625,-0.910078241516373,1,5.79099945032516
553,5.767986074040561,-0.9025947939732339,1,5.793563739485625
554,5.787973444537701,-0.883996872863953,1,5.793563739485625
555,5.704223362393053,-0.7334028061247545,1,5.793563739485625
556,5.787025924472759,-0.8780688030904497,1,5.793563739485625
557,5.453397520525533,-0.6439488816127453,1,5.793563739485625
558,5.736426565121859,-0.8709970733312042,1,5.793563739485625
559,5.702169770983797,-0.8858306863170315,1,5.793563739485625
560,5.783179981731138,-0.9012895018154802,1,5.793563739485625
561,5.797543559612144,-0.8453064262718829,1,5.793563739485625
562,5.786212961998744,-0.8516086458381715,1,5.797543559612144
563,5.745777032892063,-0.9058360445138771,1,5.797543559612144
564,5.779011232477839,-0.8624520543509187,1,5.797543559612144
565,5.7323174612984324,-0.7655874155799745,1,5.797543559612144
566,5.657356052101734,-0.8128656471713726,1,5.797543559612144
567,5.778280577019021,-0.8382176375305943,1,5.797543559612144
568,5.770768045237894,-0.7939312786928662,1,5.797543559612144
569,4.760268005233687,2.7233654390805397,0,5.797543559612144
570,5.35227086887273,2.813268614859422,0,5.797543559612144
571,5.710228447257684,-0.8504647048132636,1,5.797543559612144
572,5.8067431779770935,-0.9395754096511553,1,5.797543559612144
573,5.7912898153072625,-0.9189630714983132,1,5.8067431779770935
574,4.719111942387503,2.5851582818034338,0,5.8067431779770935
575,5.680606633554321,-0.9859545123492939,1,5.8067431779770935
576,5.553125840646511,-0.7317689886299121,1,5.8067431779770935
577,5.159568548894041,-0.06255521327437862,1,5.8067431779770935
578,5.4426315550552475,0.3743863905422023,0,5.8067431779770935
579,5.754530707455879,-0.910975958580413,1,5.8067431779770935
580,5.699950296990093,-0.8126391343280591,1,5.8067431779770935
581,5.7016758949349695,-0.8480232593746837,1,5.8067431779770935
582,4.995148432857484,4.289357042737153,0,5.8067431779770935
583,4.8998742887376725,2.4059968431612306,0,5.8067431779770935
584,5.256814896829576,2.428249660702026,0,5.8067431779770935
585,5.423988601259935,-0.5147383847953085,1,5.8067431779770935
586,5.559805803597733,-0.6288989890064522,1,5.8067431779770935
587,5.753283700233745,-0.8523152511657799,1,5.8067431779770935
588,2.5356280826078073,3.4157737771572325,0,5.8067431779770935
589,5.814545730370283,-0.8687897868192687,1,5.8067431779770935
590,5.8130088916732845,-0.9197340562153005,1,5.814545730370283
591,5.665042111916093,-0.9737177187952546,1,5.814545730370283
592,5.72532351049547,-0.809865067642952,1,5.814545730370283
593,5.759694457116008,-0.8130434626058684,1,5.814545730370283
594,5.781180037152101,-0.9096448766349732,1,5.814545730370283
595,5.722146506017441,-0.78891468445057,1,5.814545730370283
596,5.40274414522317,-0.7579000865930817,1,5.814545730370283
597,5.814384493275273,-0.8881574651232927,1,5.814545730370283
598,5.166234999985827,2.463927878409984,0,5.814384493275273
599,5.76501158457415,-0.8694593375189686,1,5.814384493275273
600,5.748114717421544,-0.8845595556618758,1,5.814384493275273
601,5.508234122408982,-0.7626741043192464,1,5.814384493275273
602,5.798415974546063,-0.9970890486904693,1,5.814384493275273
603,5.8329024911640595,-0.9643039035385038,1,5.814384493275273
604,5.774831983091372,-0.9350095807708055,1,5.8329024911640595
605,5.0186289989825115,3.8492679900589737,0,5.8329024911640595
606,5.800613879222791,-0.9391074269528548,1,5.8329024911640595
607,5.730051828058151,-0.8553030846052957,1,5.8329024911640595
608,5.680643934492418,-0.9693610445818086,1,5.8329024911640595
609,5.274746748076848,2.8912718606052783,0,5.8329024911640595
610,5.687937014027318,-0.8775198991582357,1,5.8329024911640595
611,5.616291647796914,-0.8449503859756794,1,5.8329024911640595
612,5.628171774095615,-0.7891804077652228,1,5.8329024911640595
613,5.494772306552039,-0.5651510564517985,1,5.8329024911640595
614,5.808226885268919,-0.9657918751669899,1,5.8329024911640595
615,5.1798125491522455,3.4842497868467617,0,5.8329024911640595
616,5.5344983659223645,-0.8852929381063325,1,5.8329024911640595
617,5.679529382823723,-0.8554014446431575,1,5.8329024911640595
618,5.556488491737915,-0.7755118781646854,1,5.8329024911640595
619,4.6219295984651865,3.3316449080654893,0,5.8329024911640595
620,5.735342587721109,-0.8736506563313049,1,5.8329024911640595
621,5.71441398661422,-0.9681141870117529,1,5.8329024911640595
622,5.605373354982292,-0.7276907213038646,1,5.8329024911640595
623,5.733606645380503,-0.8686873069595055,1,5.8329024911640595
624,5.722106816698573,-0.9337204155664586,1,5.8329024911640595
625,5.750096218354613,-0.902501703734232,1,5.8329024911640595
626,5.407154333382734,-0.5650175411353728,1,5.8329024911640595
627,5.5900279541088045,-0.7879119486518096,1,5.8329024911640595
628,5.73116601613627,-0.8896465306429775,1,5.8329024911640595
629,5.812329132300558,-0.9947830175273424,1,5.8329024911640595
630,5.083742910625334,4.511852319218711,0,5.8329024911640595
631,5.798970850656603,-0.9160771497814579,1,5.8329024911640595
632,4.7753584591155835,2.8118178695515303,0,5.8329024911640595
633,5.599452034131094,-0.8201497032822869,1,5.8329024911640595
634,5.685638890470907,-0.8290672808629403,1,5.8329024911640595
635,5.317766756199265,3.0025495186082036,0,5.8329024911640595
636,5.315202903276838,-0.46930467658196334,1,5.8329024911640595
637,5.243020283857256,2.444522138137759,0,5.8329024911640595
638,5.776105403763938,-0.9410844638221164,1,5.8329024911640595
639,5.74723474554761,-0.9617176218483678,1,5.8329024911640595
640,2.5471640876576016,5.401781277048379,0,5.8329024911640595
641,3.3729262929581005,8.178322778752682,0,5.8329024911640595
642,5.728836060890899,-0.7565538136710285,1,5.8329024911640595
643,5.71168167497582,-0.8716225543602809,1,5.8329024911640595
644,4.495683249073597,5.002297261429271,0,5.8329024911640595
645,5.822094970449116,-0.9562199215133308,1,5.8329024911640595
646,4.760968088480675,2.903783977614373,0,5.8329024911640595
647,5.695462759289551,-0.7161202986902947,1,5.8329024911640595
648,5.810298714209415,-0.9342698705305917,1,5.8329024911640595
649,5.763175564568581,-0.9367916507454026,1,5.8329024911640595
650,5.792085848931891,-0.9371732531418371,1,5.8329024911640595
651,3.4118078294651584,2.1621039778448785,0,5.8329024911640595
652,3.1797009017545217,2.9772488028785546,0,5.8329024911640595
653,5.613946232352804,-0.9159985612828797,1,5.8329024911640595
654,5.60250555490863,-0.8510209177628173,1,5.8329024911640595
655,5.617393622087053,-0.815108954938562,1,5.8329024911640595
656,5.724416963051146,-0.8346092804503991,1,5.8329024911640595
657,5.4533971278327655,-0.7593969014487874,1,5.8329024911640595
658,5.003801838910821,4.429086970007729,0,5.8329024911640595
659,5.307186894441218,0.7799940852668334,0,5.8329024911640595
660,5.126490544196149,3.1285277390495243,0,5.8329024911640595
661,5.746621393987714,-0.8127945751338808,1,5.8329024911640595
662,3.5881286795939986,3.025740679168946,0,5.8329024911640595
663,5.805975546710358,-0.9124115693137219,1,5.8329024911640595
664,5.729535474345357,-0.7895114190514323,1,5.8329024911640595
665,5.731255819836965,-0.8989980661412864,1,5.8329024911640595
666,5.715722604507537,-0.7845303834452096,1,5.8329024911640595
667,2.7042367809430776,7.843567984946878,0,5.8329024911640595
668,5.729825914222455,-0.844566661279668,1,5.8329024911640595
669,5.330358544711372,1.0530449551084429,0,5.8329024911640595
670,5.68926288310776,-0.9608722940272701,1,5.8329024911640595
671,5.720021211220493,-0.8885326440254443,1,5.8329024911640595
672,5.768178564795143,-0.8965113295071228,1,5.8329024911640595
673,5.711366359699626,-0.9039570141985973,1,5.8329024911640595
674,5.797088332817311,-0.8462503743479658,1,5.8329024911640595
675,5.6646022552138735,-1.0003008852250752,1,5.8329024911640595
676,5.626910168169018,-0.9191782609885172,1,5.8329024911640595
677,5.76050021115025,-0.9410005774062324,1,5.8329024911640595
678,5.717978084534543,-0.952945029812123,1,5.8329024911640595
679,5.611463430495324,-0.8067984477553136,1,5.8329024911640595
680,5.832001024983722,-0.9246198281924489,1,5.8329024911640595
681,5.267159306877882,-0.3409581764097254,1,5.8329024911640595
682,5.727184946628261,-0.9444238705438727,1,5.832001024983722
683,5.778774755617799,-0.946274065394615,1,5.832001024983722
684,5.6351214548519115,-0.8279173713015132,1,5.8329024911640595
685,5.687903148007743,-0.8721617478178837,1,5.8329024911640595
686,5.597578181662701,-0.8289943702548266,1,5.8329024911640595
687,5.8256808051955975,-0.9538996783905992,1,5.832001024983722
688,5.777321650110286,-0.8964935284491822,1,5.8329024911640595
689,5.630403009524132,-0.6047569451004164,1,5.8329024911640595
690,5.766210594189322,-0.9478600580712748,1,5.8329024911640595
691,5.708588879025808,-0.8640360614311526,1,5.8329024911640595
692,5.716645245445923,-0.859627743023355,1,5.8329024911640595
693,5.6612494622143865,-0.7770306705314652,1,5.8329024911640595
694,4.298968993735633,1.427221339769344,0,5.8329024911640595
695,5.803058674006772,-0.9931645208763723,1,5.8329024911640595
696,5.595006902660266,-0.9195611611042744,1,5.8329024911640595
697,5.410533055227318,2.4135013477642895,0,5.8329024911640595
698,5.721913600312433,-0.8899653581116308,1,5.8329024911640595
699,5.668312508200666,-0.828275210677939,1,5.832001024983722
700,5.742154671141923,-0.8600986733167895,1,5.832001024983722
701,5.4645133975434215,0.6284754160410364,0,5.8329024911640595
702,3.5754440041183773,3.3998549818675037,0,5.8329024911640595
703,5.711422916412,-0.937848715761902,1,5.8329024911640595
704,5.074942353022669,2.7035388802085403,0,5.8329024911640595
705,5.775370966200696,-0.937626078549751,1,5.8329024911640595
706,5.7509022300451065,-0.8832798520327976,1,5.8329024911640595
707,5.749127847740653,-0.7456438064060995,1,5.8329024911640595
708,5.7474101611571715,-0.9850769523949521,1,5.8329024911640595
709,5.76055701677809,-0.8963011603229222,1,5.8329024911640595
710,5.692530668061909,-0.9197874859399923,1,5.8329024911640595
711,5.28653862501006,-0.4499448641297187,1,5.8329024911640595
712,4.212369866232426,3.660750117551521,0,5.8329024911640595
713,5.72305374223684,-0.9487470454001857,1,5.8329024911640595
714,5.108340135891509,3.047997001588048,0,5.8329024911640595
715,5.650365756439275,-0.8817225454630159,1,5.8329024911640595
716,5.802236084353496,-0.9190107005079915,1,5.8329024911640595
717,5.631202751365793,-0.8504571645730755,1,5.8329024911640595
718,5.74492847343697,-0.9224545316762414,1,5.8329024911640595
719,5.746078247972462,-0.9268290521561903,1,5.8329024911640595
720,5.332273846286784,-0.6091702997455752,1,5.8329024911640595
721,5.807360812921454,-0.9023605091988839,1,5.8329024911640595
722,5.508596302893173,-0.678741692062232,1,5.8329024911640595
723,5.796462040012281,-0.9839593679317505,1,5.8329024911640595
724,5.6186216372248206,-0.5090322135166713,1,5.8329024911640595
725,5.70647085810943,-0.8838636472464634,1,5.8329024911640595
726,5.794550122374579,-0.5598359429981861,1,5.8329024911640595
727,5.506226964922694,-0.7396419365930836,1,5.8329024911640595
728,5.689504938559676,-0.8688743885402652,1,5.8329024911640595
729,5.5987400140338375,-0.8317655548653227,1,5.8329024911640595
730,5.709660235297528,-0.9455686947924409,1,5.8329024911640595
731,5.743473734646757,-0.9510899271417668,1,5.8329024911640595
732,4.896126350408716,2.8837507182885904,0,5.8329024911640595
733,5.629672888446348,-0.8142409601600553,1,5.8329024911640595
734,5.697717539611573,-0.8616312351125373,1,5.8329024911640595
735,4.856941425636714,3.08065405198478,0,5.8329024911640595
736,5.721042696130196,-0.8543845972951567,1,5.8329024911640595
737,5.697483477043997,-0.8150865301288355,1,5.8329024911640595
738,5.736353670744703,-0.9598070752970227,1,5.8329024911640595
739,5.7817109486254115,-0.9181411808476111,1,5.8329024911640595
740,5.348456820248032,0.7495121916777668,0,5.8329024911640595
741,5.510679423234894,-0.5962780227014065,1,5.8329024911640595
742,5.561643901666824,-0.6879944469180669,1,5.8329024911640595
743,5.8480041426221705,-0.9338925515093541,1,5.8329024911640595
744,5.556480722489645,-0.7294444748535375,1,5.8480041426221705
745,5.641597327548876,-0.7851031525768031,1,5.8480041426221705
746,5.74395400046488,-0.7615175123574665,1,5.8480041426221705
747,5.2942099008275845,-0.27406274371871064,1,5.8480041426221705
748,5.666866970523172,-0.8804436111165961,1,5.8480041426221705
749,5.481527161947722,-0.7279128806758252,1,5.8480041426221705
750,5.718930338172174,-0.859556449208934,1,5.8480041426221705
751,5.689936133011881,-0.8828089534247312,1,5.8480041426221705
752,5.610415794987848,-0.6550847535034114,1,5.8480041426221705
753,4.864745096747664,3.0332062832046893,0,5.8480041426221705
754,5.702867461126382,-0.8771843036478129,1,5.8480041426221705
755,5.301321102711769,-0.36510682714715587,1,5.8480041426221705
756,5.288305167532895,-0.270317638102656,1,5.8480041426221705
757,5.703637090074574,-0.6524227690987936,1,5.8480041426221705
758,4.8304226973289754,3.242638599520727,0,5.8480041426221705
759,5.611444500652632,-0.8100753515177257,1,5.8480041426221705
760,5.658761983255374,-0.8269772204607778,1,5.8480041426221705
761,5.184313927738109,3.182035330752223,0,5.8480041426221705
762,2.6739141542114417,4.974520439666324,0,5.8480041426221705
763,3.4322644831192997,2.034831589458415,0,5.8480041426221705
764,5.685029465999886,-0.882957752822523,1,5.8480041426221705
765,4.731479792773658,2.8043820085023636,0,5.8480041426221705
766,5.74051466769502,-0.8789634721159899,1,5.8480041426221705
767,5.433999139560796,-0.5834566769562167,1,5.8480041426221705
768,5.238013994427307,2.6634185483665367,0,5.8480041426221705
769,5.152414119188731,2.996929689457192,0,5.8480041426221705
770,5.593870130587127,-0.8745886181534002,1,5.8480041426221705
771,5.711280127643319,-0.9278089516222553,1,5.8480041426221705
772,5.128934498155319,3.159927139447792,0,5.8480041426221705
773,5.675754599347098,-0.8789031411092867,1,5.8480041426221705
774,5.5999230459409,-0.6921267722641915,1,5.8480041426221705
775,5.694320726391634,-0.7855081508418084,1,5.8480041426221705
776,5.25725781558352,2.6329955343365974,0,5.8480041426221705
777,4.6493688650822165,2.9642796539096823,0,5.8480041426221705
778,5.007951998199154,3.075924517223439,0,5.8480041426221705
779,4.3272881603030635,2.920572213958101,0,5.8480041426221705
780,5.681427766900178,-0.8128847081188257,1,5.8480041426221705
781,5.692490844721693,-0.8995974925525939,1,5.8480041426221705
782,5.23020470513826,2.6991322368723116,0,5.8480041426221705
783,5.128417630290768,2.733568486237991,0,5.8480041426221705
784,5.6542227259382205,-0.9574456291197009,1,5.8480041426221705
785,5.409313118826921,-0.764840619535999,1,5.8480041426221705
786,5.745494651516087,-0.7912476926287798,1,5.8480041426221705
787,5.178098958375973,-0.19663641419087127,1,5.8480041426221705
788,5.592983553155707,-0.7072058856576632,1,5.8480041426221705
789,5.20549828621711,2.69376137126205,0,5.8480041426221705
790,5.641594332560437,-0.815449357471307,1,5.8480041426221705
791,5.693715436649898,-0.9107840965441051,1,5.8480041426221705
792,5.356316264620971,-0.7440077655029438,1,5.8480041426221705
793,5.807053323891271,-0.9526375572368676,1,5.8480041426221705
794,5.753629924948008,-0.7525695635421034,1,5.8480041426221705
795,5.6525059942595695,-0.8602690153843446,1,5.8480041426221705
796,5.403367464422847,-0.5245150157769359,1,5.8480041426221705
797,5.8062609916270205,-0.9590761535282536,1,5.8480041426221705
798,5.612892326094986,-0.8695271996693328,1,5.8480041426221705
799,5.4376683182703065,-0.5292839271377897,1,5.8480041426221705
800,5.5176871212372145,-0.6022423363046039,1,5.8480041426221705
801,5.855918370190185,-0.9302442247496612,1,5.8480041426221705
802,4.139929892694112,3.032569768793238,0,5.855918370190185
803,5.758266487743901,-0.8583007422225251,1,5.855918370190185
804,5.7626435610555715,-0.9383715369358936,1,5.855918370190185
805,5.8358595127590425,-0.9516824157716024,1,5.855918370190185
806,2.9939130856418874,3.979928133333451,0,5.855918370190185
807,5.234532019526,2.867753040182052,0,5.855918370190185
808,5.74428457038495,-0.9181509491001509,1,5.855918370190185
809,5.486915020977901,-0.7594026478836855,1,5.855918370190185
810,5.639392884071588,-0.9382431764017667,1,5.855918370190185
811,5.620533747348823,-0.8396073841860624,1,5.855918370190185
812,2.8231053876394943,3.7007929522608953,0,5.855918370190185
813,5.621651199635738,-0.6672718745433894,1,5.855918370190185
814,5.797756256688746,-0.9604046185499743,1,5.855918370190185
815,5.569664452842702,-0.617506960523337,1,5.855918370190185
816,5.344852503428793,0.5837266024613251,0,5.855918370190185
817,5.819763672038327,-0.8529477537527805,1,5.855918370190185
818,5.543140708993344,-0.7169618171155627,1,5.855918370190185
819,5.780113632298999,-0.9646280810397871,1,5.855918370190185
820,5.233012353292513,2.397742947594705,0,5.855918370190185
821,5.63276510435134,-0.9590011199948322,1,5.855918370190185
822,5.467673728607434,-0.5827378689251128,1,5.855918370190185
823,5.653588167774486,-0.9220273369006616,1,5.855918370190185
824,5.608959618354301,-0.7159374491554377,1,5.855918370190185
825,5.717125615749226,-0.9471695390093395,1,5.855918370190185
826,5.679900176160237,-0.7833761551393974,1,5.855918370190185
827,5.66679811414058,-0.9338065468094794,1,5.855918370190185
828,5.4657353278272955,-0.7171635326328214,1,5.855918370190185
829,5.78631307157927,-0.9870911395783668,1,5.855918370190185
830,5.603488597375587,-0.8956362949797466,1,5.855918370190185
831,5.748990435326894,-0.889396469701967,1,5.855918370190185
832,5.656859427369719,-0.88734946363581,1,5.855918370190185
833,5.556204579929233,-0.9813525322128612,1,5.855918370190185
834,5.712091654088879,-0.9010117555092734,1,5.855918370190185
835,5.776157707069367,-0.8632852987087154,1,5.855918370190185
836,3.8385078741200336,4.656583015245446,0,5.855918370190185
837,5.7408032481199065,-0.8686573313321446,1,5.855918370190185
838,5.302986029325961,-0.4095306743927904,1,5.855918370190185
839,5.644562344396021,-0.8405930046806611,1,5.855918370190185
840,5.471106001850745,-0.5943930095648602,1,5.855918370190185
841,5.560713054237048,-0.7119408919748821,1,5.855918370190185
842,5.618132401309903,-0.7660909586466903,1,5.855918370190185
843,4.768598466871906,3.2878700285136904,0,5.855918370190185
844,5.815363691507509,-0.9575401402483021,1,5.855918370190185
845,5.77166461233278,-0.8575625187767116,1,5.855918370190185
846,5.766618515598078,-0.9460466287005738,1,5.855918370190185
847,5.798112895783416,-0.8825626022079325,1,5.855918370190185
848,5.712872682462478,-0.8903724584257344,1,5.855918370190185
849,5.64844578325371,-0.8039668704759276,1,5.855918370190185
850,5.802495147449417,-0.9426325432167346,1,5.855918370190185
851,5.576699603862989,-0.6903583736987889,1,5.855918370190185
