1.899999999999999911e+00,1.459999999999999964e+00,3.800000000000000044e-01,7.800000000000000266e-01,1.260000000000000009e+00,1.580000000000000071e+00,1.380000000000000115e+00,5.999999999999999778e-02,1.540000000000000036e+00,1.820000000000000062e+00,1.500000000000000000e+00,1.699999999999999956e+00
1.419999999999999929e+00,1.419999999999999929e+00,1.260000000000000009e+00,1.739999999999999991e+00,2.200000000000000011e-01,9.799999999999999822e-01,1.699999999999999956e+00,1.939999999999999947e+00,1.300000000000000044e+00,1.179999999999999938e+00,1.340000000000000080e+00,4.200000000000000400e-01
1.799999999999999933e-01,1.979999999999999982e+00,5.999999999999999778e-02,6.199999999999999956e-01,1.419999999999999929e+00,6.199999999999999956e-01,1.979999999999999982e+00,1.540000000000000036e+00,2.200000000000000011e-01,3.399999999999999689e-01,2.600000000000000089e-01,5.800000000000000711e-01
7.800000000000000266e-01,1.020000000000000018e+00,6.600000000000000311e-01,1.179999999999999938e+00,8.599999999999999867e-01,5.000000000000000000e-01,1.580000000000000071e+00,2.600000000000000089e-01,8.599999999999999867e-01,9.000000000000000222e-01,3.800000000000000044e-01,9.399999999999999467e-01
2.600000000000000089e-01,8.599999999999999867e-01,1.979999999999999982e+00,1.939999999999999947e+00,1.780000000000000027e+00,1.400000000000000133e-01,1.060000000000000053e+00,4.599999999999999645e-01,1.580000000000000071e+00,1.939999999999999947e+00,1.780000000000000027e+00,8.599999999999999867e-01
1.500000000000000000e+00,1.580000000000000071e+00,9.399999999999999467e-01,2.200000000000000011e-01,1.219999999999999973e+00,4.599999999999999645e-01,4.599999999999999645e-01,6.999999999999999556e-01,1.699999999999999956e+00,5.000000000000000000e-01,9.000000000000000222e-01,1.780000000000000027e+00
1.100000000000000089e+00,1.500000000000000000e+00,1.219999999999999973e+00,3.000000000000000444e-01,5.999999999999999778e-02,6.600000000000000311e-01,7.800000000000000266e-01,5.400000000000000355e-01,6.600000000000000311e-01,1.739999999999999991e+00,6.999999999999999556e-01,1.100000000000000089e+00
1.340000000000000080e+00,1.140000000000000124e+00,1.300000000000000044e+00,1.340000000000000080e+00,1.860000000000000098e+00,1.780000000000000027e+00,2.200000000000000011e-01,2.200000000000000011e-01,3.000000000000000444e-01,1.580000000000000071e+00,1.000000000000000056e-01,1.620000000000000107e+00
1.400000000000000133e-01,9.399999999999999467e-01,1.620000000000000107e+00,1.020000000000000018e+00,5.400000000000000355e-01,3.800000000000000044e-01,4.200000000000000400e-01,1.300000000000000044e+00,1.260000000000000009e+00,1.780000000000000027e+00,2.200000000000000011e-01,1.020000000000000018e+00
1.060000000000000053e+00,6.600000000000000311e-01,1.459999999999999964e+00,1.260000000000000009e+00,1.939999999999999947e+00,1.979999999999999982e+00,5.000000000000000000e-01,1.620000000000000107e+00,6.999999999999999556e-01,3.000000000000000444e-01,1.860000000000000098e+00,9.000000000000000222e-01
1.739999999999999991e+00,7.800000000000000266e-01,5.800000000000000711e-01,6.999999999999999556e-01,9.399999999999999467e-01,3.000000000000000444e-01,1.500000000000000000e+00,1.899999999999999911e+00,1.820000000000000062e+00,1.419999999999999929e+00,1.020000000000000018e+00,1.899999999999999911e+00
1.860000000000000098e+00,1.540000000000000036e+00,1.400000000000000133e-01,9.799999999999999822e-01,2.000000000000000042e-02,1.860000000000000098e+00,6.999999999999999556e-01,6.199999999999999956e-01,4.200000000000000400e-01,1.620000000000000107e+00,1.580000000000000071e+00,1.820000000000000062e+00
1.660000000000000142e+00,1.380000000000000115e+00,1.739999999999999991e+00,1.799999999999999933e-01,1.459999999999999964e+00,1.660000000000000142e+00,1.219999999999999973e+00,8.200000000000000622e-01,1.739999999999999991e+00,1.020000000000000018e+00,1.400000000000000133e-01,1.419999999999999929e+00
1.260000000000000009e+00,1.860000000000000098e+00,8.200000000000000622e-01,1.820000000000000062e+00,1.500000000000000000e+00,1.899999999999999911e+00,1.260000000000000009e+00,1.699999999999999956e+00,1.799999999999999933e-01,1.540000000000000036e+00,3.000000000000000444e-01,1.459999999999999964e+00
6.600000000000000311e-01,1.660000000000000142e+00,2.600000000000000089e-01,9.000000000000000222e-01,7.399999999999999911e-01,1.260000000000000009e+00,3.399999999999999689e-01,1.799999999999999933e-01,1.179999999999999938e+00,1.400000000000000133e-01,3.399999999999999689e-01,9.799999999999999822e-01
2.000000000000000042e-02,1.179999999999999938e+00,1.000000000000000056e-01,1.979999999999999982e+00,6.999999999999999556e-01,1.620000000000000107e+00,1.020000000000000018e+00,1.020000000000000018e+00,1.620000000000000107e+00,1.260000000000000009e+00,1.219999999999999973e+00,3.399999999999999689e-01
3.000000000000000444e-01,1.219999999999999973e+00,9.799999999999999822e-01,2.000000000000000042e-02,9.000000000000000222e-01,5.800000000000000711e-01,1.300000000000000044e+00,6.600000000000000311e-01,1.660000000000000142e+00,2.000000000000000042e-02,1.820000000000000062e+00,1.500000000000000000e+00
1.459999999999999964e+00,9.000000000000000222e-01,1.580000000000000071e+00,1.660000000000000142e+00,4.200000000000000400e-01,1.419999999999999929e+00,5.999999999999999778e-02,1.500000000000000000e+00,5.999999999999999778e-02,1.660000000000000142e+00,1.799999999999999933e-01,1.739999999999999991e+00
1.219999999999999973e+00,1.300000000000000044e+00,1.060000000000000053e+00,1.580000000000000071e+00,1.020000000000000018e+00,3.399999999999999689e-01,6.199999999999999956e-01,1.000000000000000056e-01,7.399999999999999911e-01,1.340000000000000080e+00,1.459999999999999964e+00,1.340000000000000080e+00
1.000000000000000056e-01,7.399999999999999911e-01,8.599999999999999867e-01,1.620000000000000107e+00,1.739999999999999991e+00,1.739999999999999991e+00,1.620000000000000107e+00,5.800000000000000711e-01,5.800000000000000711e-01,8.200000000000000622e-01,9.799999999999999822e-01,1.300000000000000044e+00
1.979999999999999982e+00,9.799999999999999822e-01,1.939999999999999947e+00,5.000000000000000000e-01,6.600000000000000311e-01,1.020000000000000018e+00,1.540000000000000036e+00,1.140000000000000124e+00,1.100000000000000089e+00,4.599999999999999645e-01,5.400000000000000355e-01,4.599999999999999645e-01
1.300000000000000044e+00,5.800000000000000711e-01,1.340000000000000080e+00,1.300000000000000044e+00,1.660000000000000142e+00,1.140000000000000124e+00,9.000000000000000222e-01,1.419999999999999929e+00,1.500000000000000000e+00,1.219999999999999973e+00,1.939999999999999947e+00,2.600000000000000089e-01
6.999999999999999556e-01,2.000000000000000042e-02,3.399999999999999689e-01,1.380000000000000115e+00,2.600000000000000089e-01,4.200000000000000400e-01,3.800000000000000044e-01,1.380000000000000115e+00,2.600000000000000089e-01,1.140000000000000124e+00,6.600000000000000311e-01,1.380000000000000115e+00
1.780000000000000027e+00,1.899999999999999911e+00,7.399999999999999911e-01,1.140000000000000124e+00,1.380000000000000115e+00,1.540000000000000036e+00,1.459999999999999964e+00,5.000000000000000000e-01,3.399999999999999689e-01,1.899999999999999911e+00,1.540000000000000036e+00,3.800000000000000044e-01
6.199999999999999956e-01,1.620000000000000107e+00,1.660000000000000142e+00,1.219999999999999973e+00,5.000000000000000000e-01,8.599999999999999867e-01,2.000000000000000042e-02,3.399999999999999689e-01,1.979999999999999982e+00,8.599999999999999867e-01,1.300000000000000044e+00,1.179999999999999938e+00
1.620000000000000107e+00,3.000000000000000444e-01,5.000000000000000000e-01,1.500000000000000000e+00,1.899999999999999911e+00,6.999999999999999556e-01,8.599999999999999867e-01,1.060000000000000053e+00,1.419999999999999929e+00,1.300000000000000044e+00,1.260000000000000009e+00,5.999999999999999778e-02
5.800000000000000711e-01,1.739999999999999991e+00,1.100000000000000089e+00,4.200000000000000400e-01,4.599999999999999645e-01,1.340000000000000080e+00,1.340000000000000080e+00,4.200000000000000400e-01,1.860000000000000098e+00,5.999999999999999778e-02,1.179999999999999938e+00,2.200000000000000011e-01
9.000000000000000222e-01,1.820000000000000062e+00,4.599999999999999645e-01,5.400000000000000355e-01,6.199999999999999956e-01,1.219999999999999973e+00,3.000000000000000444e-01,9.399999999999999467e-01,1.780000000000000027e+00,1.380000000000000115e+00,2.000000000000000042e-02,1.860000000000000098e+00
5.999999999999999778e-02,8.200000000000000622e-01,1.799999999999999933e-01,1.060000000000000053e+00,1.620000000000000107e+00,7.800000000000000266e-01,1.660000000000000142e+00,1.780000000000000027e+00,1.140000000000000124e+00,6.999999999999999556e-01,1.100000000000000089e+00,1.939999999999999947e+00
8.200000000000000622e-01,6.199999999999999956e-01,1.699999999999999956e+00,6.600000000000000311e-01,7.800000000000000266e-01,1.000000000000000056e-01,9.399999999999999467e-01,9.000000000000000222e-01,1.459999999999999964e+00,1.699999999999999956e+00,1.739999999999999991e+00,1.660000000000000142e+00
1.179999999999999938e+00,1.780000000000000027e+00,1.020000000000000018e+00,4.599999999999999645e-01,1.060000000000000053e+00,1.380000000000000115e+00,8.200000000000000622e-01,1.979999999999999982e+00,9.000000000000000222e-01,1.060000000000000053e+00,7.800000000000000266e-01,1.400000000000000133e-01
1.380000000000000115e+00,3.800000000000000044e-01,1.500000000000000000e+00,1.419999999999999929e+00,9.799999999999999822e-01,1.179999999999999938e+00,6.600000000000000311e-01,1.179999999999999938e+00,7.800000000000000266e-01,4.200000000000000400e-01,1.419999999999999929e+00,5.000000000000000000e-01
1.699999999999999956e+00,5.000000000000000000e-01,5.400000000000000355e-01,1.000000000000000056e-01,1.580000000000000071e+00,2.200000000000000011e-01,1.820000000000000062e+00,1.260000000000000009e+00,1.899999999999999911e+00,5.400000000000000355e-01,1.620000000000000107e+00,1.260000000000000009e+00
1.540000000000000036e+00,2.600000000000000089e-01,7.800000000000000266e-01,1.780000000000000027e+00,1.140000000000000124e+00,1.799999999999999933e-01,1.860000000000000098e+00,1.400000000000000133e-01,1.060000000000000053e+00,1.000000000000000056e-01,1.699999999999999956e+00,8.200000000000000622e-01
5.400000000000000355e-01,1.799999999999999933e-01,1.540000000000000036e+00,1.540000000000000036e+00,8.200000000000000622e-01,9.399999999999999467e-01,5.800000000000000711e-01,7.399999999999999911e-01,4.599999999999999645e-01,1.500000000000000000e+00,1.979999999999999982e+00,1.219999999999999973e+00
3.800000000000000044e-01,3.399999999999999689e-01,2.200000000000000011e-01,8.200000000000000622e-01,5.800000000000000711e-01,1.459999999999999964e+00,1.780000000000000027e+00,1.860000000000000098e+00,5.400000000000000355e-01,1.799999999999999933e-01,1.660000000000000142e+00,1.540000000000000036e+00
8.599999999999999867e-01,6.999999999999999556e-01,1.380000000000000115e+00,5.800000000000000711e-01,1.400000000000000133e-01,7.399999999999999911e-01,7.399999999999999911e-01,1.580000000000000071e+00,1.380000000000000115e+00,2.200000000000000011e-01,7.399999999999999911e-01,5.400000000000000355e-01
2.200000000000000011e-01,5.400000000000000355e-01,1.419999999999999929e+00,1.400000000000000133e-01,3.800000000000000044e-01,5.400000000000000355e-01,1.419999999999999929e+00,1.340000000000000080e+00,1.340000000000000080e+00,9.399999999999999467e-01,1.060000000000000053e+00,6.600000000000000311e-01
1.580000000000000071e+00,5.999999999999999778e-02,1.140000000000000124e+00,1.899999999999999911e+00,1.699999999999999956e+00,1.500000000000000000e+00,1.140000000000000124e+00,1.100000000000000089e+00,2.000000000000000042e-02,1.100000000000000089e+00,5.000000000000000000e-01,1.979999999999999982e+00
7.399999999999999911e-01,1.699999999999999956e+00,1.899999999999999911e+00,7.399999999999999911e-01,1.540000000000000036e+00,5.999999999999999778e-02,1.939999999999999947e+00,1.739999999999999991e+00,1.020000000000000018e+00,2.600000000000000089e-01,4.599999999999999645e-01,1.060000000000000053e+00
1.020000000000000018e+00,1.939999999999999947e+00,1.780000000000000027e+00,1.860000000000000098e+00,1.799999999999999933e-01,1.699999999999999956e+00,1.179999999999999938e+00,1.660000000000000142e+00,5.000000000000000000e-01,5.800000000000000711e-01,8.200000000000000622e-01,1.000000000000000056e-01
9.799999999999999822e-01,1.260000000000000009e+00,2.000000000000000042e-02,3.399999999999999689e-01,1.820000000000000062e+00,8.200000000000000622e-01,1.400000000000000133e-01,7.800000000000000266e-01,1.219999999999999973e+00,7.399999999999999911e-01,5.999999999999999778e-02,2.000000000000000042e-02
9.399999999999999467e-01,1.400000000000000133e-01,9.000000000000000222e-01,9.399999999999999467e-01,1.340000000000000080e+00,1.060000000000000053e+00,1.000000000000000056e-01,2.000000000000000042e-02,1.000000000000000056e-01,1.979999999999999982e+00,1.899999999999999911e+00,1.580000000000000071e+00
4.200000000000000400e-01,1.060000000000000053e+00,1.820000000000000062e+00,1.459999999999999964e+00,1.100000000000000089e+00,1.939999999999999947e+00,2.600000000000000089e-01,8.599999999999999867e-01,8.200000000000000622e-01,7.800000000000000266e-01,5.800000000000000711e-01,3.000000000000000444e-01
1.939999999999999947e+00,2.200000000000000011e-01,3.000000000000000444e-01,3.800000000000000044e-01,3.399999999999999689e-01,1.100000000000000089e+00,5.400000000000000355e-01,9.799999999999999822e-01,3.800000000000000044e-01,3.800000000000000044e-01,6.199999999999999956e-01,6.999999999999999556e-01
4.599999999999999645e-01,1.100000000000000089e+00,1.860000000000000098e+00,2.600000000000000089e-01,1.979999999999999982e+00,1.300000000000000044e+00,1.100000000000000089e+00,3.800000000000000044e-01,1.400000000000000133e-01,6.600000000000000311e-01,4.200000000000000400e-01,6.199999999999999956e-01
5.000000000000000000e-01,4.200000000000000400e-01,6.999999999999999556e-01,1.699999999999999956e+00,3.000000000000000444e-01,1.820000000000000062e+00,1.739999999999999991e+00,1.219999999999999973e+00,6.199999999999999956e-01,1.459999999999999964e+00,8.599999999999999867e-01,7.800000000000000266e-01
1.820000000000000062e+00,1.000000000000000056e-01,1.179999999999999938e+00,8.599999999999999867e-01,1.300000000000000044e+00,2.600000000000000089e-01,1.799999999999999933e-01,1.820000000000000062e+00,1.939999999999999947e+00,6.199999999999999956e-01,9.399999999999999467e-01,1.140000000000000124e+00
3.399999999999999689e-01,4.599999999999999645e-01,4.200000000000000400e-01,5.999999999999999778e-02,1.000000000000000056e-01,2.000000000000000042e-02,1.899999999999999911e+00,1.459999999999999964e+00,9.799999999999999822e-01,1.860000000000000098e+00,1.380000000000000115e+00,7.399999999999999911e-01
1.140000000000000124e+00,1.340000000000000080e+00,6.199999999999999956e-01,1.100000000000000089e+00,1.179999999999999938e+00,9.000000000000000222e-01,9.799999999999999822e-01,3.000000000000000444e-01,9.399999999999999467e-01,9.799999999999999822e-01,1.140000000000000124e+00,1.799999999999999933e-01
0.000000000000000000e+00,2.000000000000000000e+00,2.000000000000000000e+00,2.000000000000000000e+00,7.658153213818246208e-01,2.000000000000000000e+00,1.271892228725256091e+00,9.197797410300658782e-01,0.000000000000000000e+00,0.000000000000000000e+00,1.795639413371425130e-01,0.000000000000000000e+00
1.755998884855204167e+00,0.000000000000000000e+00,2.000000000000000000e+00,0.000000000000000000e+00,9.049055513747812363e-01,2.000000000000000000e+00,2.000000000000000000e+00,1.067659334275931071e+00,7.322144001188513052e-01,0.000000000000000000e+00,6.525670566941245143e-01,0.000000000000000000e+00
2.000000000000000000e+00,2.000000000000000000e+00,2.000000000000000000e+00,2.000000000000000000e+00,0.000000000000000000e+00,2.000000000000000000e+00,2.000000000000000000e+00,7.258252857436631178e-01,0.000000000000000000e+00,4.375811375073023202e-01,2.000000000000000000e+00,0.000000000000000000e+00
1.933988781647710820e+00,2.000000000000000000e+00,2.000000000000000000e+00,2.000000000000000000e+00,8.700506102969651767e-01,2.000000000000000000e+00,0.000000000000000000e+00,1.907690664282930104e+00,0.000000000000000000e+00,5.061578442286642776e-01,9.341888467094988657e-01,0.000000000000000000e+00
0.000000000000000000e+00,0.000000000000000000e+00,0.000000000000000000e+00,2.000000000000000000e+00,2.000000000000000000e+00,2.000000000000000000e+00,0.000000000000000000e+00,9.218044959525846238e-01,2.000000000000000000e+00,0.000000000000000000e+00,0.000000000000000000e+00,0.000000000000000000e+00
0.000000000000000000e+00,2.000000000000000000e+00,2.000000000000000000e+00,2.000000000000000000e+00,5.366146042851218656e-01,2.000000000000000000e+00,1.390303474520223626e+00,1.308487794812031257e+00,2.000000000000000000e+00,6.304331131879379324e-01,9.813231669559618897e-01,0.000000000000000000e+00
0.000000000000000000e+00,0.000000000000000000e+00,2.000000000000000000e+00,2.000000000000000000e+00,2.000000000000000000e+00,2.000000000000000000e+00,0.000000000000000000e+00,2.000000000000000000e+00,0.000000000000000000e+00,0.000000000000000000e+00,1.423864840053162384e+00,0.000000000000000000e+00
0.000000000000000000e+00,2.000000000000000000e+00,2.000000000000000000e+00,2.000000000000000000e+00,0.000000000000000000e+00,2.000000000000000000e+00,1.980078784280751847e-01,2.000000000000000000e+00,0.000000000000000000e+00,0.000000000000000000e+00,2.995854987197184016e-01,0.000000000000000000e+00
2.000000000000000000e+00,2.000000000000000000e+00,2.000000000000000000e+00,2.000000000000000000e+00,1.122786152795139936e+00,2.000000000000000000e+00,3.257967599601970243e-01,8.405473659834861166e-01,8.954797185507717971e-01,0.000000000000000000e+00,7.355421174910173887e-01,0.000000000000000000e+00
1.871660276105421294e+00,1.486822662696575703e+00,2.000000000000000000e+00,1.739640421505869172e+00,2.762694196617668241e-01,2.000000000000000000e+00,2.000000000000000000e+00,6.785534151256492619e-01,0.000000000000000000e+00,6.479035295102851810e-01,0.000000000000000000e+00,0.000000000000000000e+00
2.000000000000000000e+00,2.000000000000000000e+00,2.000000000000000000e+00,0.000000000000000000e+00,0.000000000000000000e+00,2.000000000000000000e+00,1.327496265990215640e+00,1.471396821703904401e+00,0.000000000000000000e+00,8.775715222308650976e-01,1.253234851627403890e+00,0.000000000000000000e+00
0.000000000000000000e+00,0.000000000000000000e+00,2.000000000000000000e+00,8.598926813551082127e-01,1.136105798992264493e+00,2.000000000000000000e+00,0.000000000000000000e+00,0.000000000000000000e+00,9.076495661912721280e-01,5.469716899759835549e-01,2.000000000000000000e+00,0.000000000000000000e+00
0.000000000000000000e+00,2.000000000000000000e+00,2.000000000000000000e+00,2.000000000000000000e+00,2.000000000000000000e+00,1.638946234377922861e+00,0.000000000000000000e+00,2.000000000000000000e+00,0.000000000000000000e+00,4.586704566300481289e-01,2.000000000000000000e+00,2.000000000000000000e+00
2.000000000000000000e+00,7.366656383417459208e-01,2.000000000000000000e+00,2.000000000000000000e+00,2.000000000000000000e+00,2.000000000000000000e+00,0.000000000000000000e+00,1.064996043648980484e+00,0.000000000000000000e+00,0.000000000000000000e+00,1.026311875290121467e+00,0.000000000000000000e+00
0.000000000000000000e+00,1.807514936017705187e+00,2.000000000000000000e+00,2.000000000000000000e+00,1.016266769354278399e+00,2.000000000000000000e+00,0.000000000000000000e+00,9.825953420912155734e-01,8.467543944896146479e-01,0.000000000000000000e+00,2.000000000000000000e+00,0.000000000000000000e+00
2.000000000000000000e+00,2.000000000000000000e+00,2.000000000000000000e+00,1.746925114961396464e+00,1.170498973521280961e+00,2.000000000000000000e+00,7.257535605344975771e-01,2.000000000000000000e+00,0.000000000000000000e+00,5.183615087788302489e-01,2.000000000000000000e+00,0.000000000000000000e+00
9.216628799664231542e-01,2.000000000000000000e+00,2.000000000000000000e+00,2.000000000000000000e+00,0.000000000000000000e+00,2.000000000000000000e+00,2.000000000000000000e+00,0.000000000000000000e+00,0.000000000000000000e+00,0.000000000000000000e+00,7.632198209493141761e-01,0.000000000000000000e+00
2.000000000000000000e+00,2.000000000000000000e+00,0.000000000000000000e+00,2.000000000000000000e+00,2.000000000000000000e+00,0.000000000000000000e+00,2.000000000000000000e+00,0.000000000000000000e+00,2.000000000000000000e+00,0.000000000000000000e+00,2.000000000000000000e+00,2.000000000000000000e+00
2.000000000000000000e+00,0.000000000000000000e+00,2.000000000000000000e+00,2.000000000000000000e+00,2.000000000000000000e+00,0.000000000000000000e+00,2.000000000000000000e+00,0.000000000000000000e+00,1.013598761288588834e+00,2.000000000000000000e+00,0.000000000000000000e+00,0.000000000000000000e+00
2.000000000000000000e+00,2.000000000000000000e+00,2.000000000000000000e+00,2.000000000000000000e+00,0.000000000000000000e+00,0.000000000000000000e+00,2.000000000000000000e+00,1.365754026100099550e+00,6.757783542834970847e-01,0.000000000000000000e+00,7.399286298414292640e-01,0.000000000000000000e+00
1.143962995018143358e+00,0.000000000000000000e+00,2.000000000000000000e+00,2.000000000000000000e+00,1.492887132864759270e+00,2.000000000000000000e+00,0.000000000000000000e+00,8.926921609264033552e-01,0.000000000000000000e+00,4.061470956242506647e-01,1.253454054154516495e+00,2.000000000000000000e+00
2.000000000000000000e+00,0.000000000000000000e+00,2.000000000000000000e+00,2.000000000000000000e+00,2.000000000000000000e+00,2.000000000000000000e+00,1.889166850369049799e-01,2.000000000000000000e+00,0.000000000000000000e+00,1.574541472050831281e+00,0.000000000000000000e+00,0.000000000000000000e+00
0.000000000000000000e+00,2.000000000000000000e+00,2.000000000000000000e+00,0.000000000000000000e+00,2.000000000000000000e+00,2.000000000000000000e+00,0.000000000000000000e+00,0.000000000000000000e+00,2.000000000000000000e+00,2.000000000000000000e+00,7.030883092484785379e-01,2.000000000000000000e+00
2.000000000000000000e+00,0.000000000000000000e+00,2.000000000000000000e+00,0.000000000000000000e+00,2.000000000000000000e+00,0.000000000000000000e+00,0.000000000000000000e+00,1.870574869461519629e+00,2.000000000000000000e+00,0.000000000000000000e+00,1.541068080119774919e+00,0.000000000000000000e+00
0.000000000000000000e+00,0.000000000000000000e+00,2.000000000000000000e+00,0.000000000000000000e+00,2.000000000000000000e+00,2.000000000000000000e+00,2.000000000000000000e+00,2.000000000000000000e+00,2.000000000000000000e+00,2.000000000000000000e+00,2.000000000000000000e+00,2.000000000000000000e+00
0.000000000000000000e+00,0.000000000000000000e+00,2.000000000000000000e+00,2.000000000000000000e+00,0.000000000000000000e+00,2.000000000000000000e+00,3.413947795755518655e-01,0.000000000000000000e+00,2.000000000000000000e+00,2.000000000000000000e+00,5.658378502029031143e-01,0.000000000000000000e+00
0.000000000000000000e+00,2.000000000000000000e+00,2.000000000000000000e+00,1.452075399029714831e+00,2.000000000000000000e+00,2.000000000000000000e+00,7.353586707302152137e-01,1.458316406806908994e+00,0.000000000000000000e+00,0.000000000000000000e+00,7.550723505840991612e-01,0.000000000000000000e+00
0.000000000000000000e+00,0.000000000000000000e+00,0.000000000000000000e+00,2.000000000000000000e+00,0.000000000000000000e+00,0.000000000000000000e+00,0.000000000000000000e+00,2.000000000000000000e+00,2.000000000000000000e+00,2.000000000000000000e+00,2.000000000000000000e+00,0.000000000000000000e+00
2.000000000000000000e+00,1.525002562081059221e+00,1.055350004756416604e+00,2.000000000000000000e+00,1.189008969287932205e+00,2.000000000000000000e+00,0.000000000000000000e+00,1.006795340650723514e+00,0.000000000000000000e+00,0.000000000000000000e+00,5.534609512854813396e-01,0.000000000000000000e+00
2.000000000000000000e+00,0.000000000000000000e+00,2.000000000000000000e+00,0.000000000000000000e+00,2.000000000000000000e+00,0.000000000000000000e+00,2.000000000000000000e+00,1.027888085276747798e+00,2.000000000000000000e+00,8.322301575297685883e-01,8.104632145027502732e-01,0.000000000000000000e+00
0.000000000000000000e+00,2.000000000000000000e+00,2.000000000000000000e+00,0.000000000000000000e+00,0.000000000000000000e+00,0.000000000000000000e+00,2.000000000000000000e+00,0.000000000000000000e+00,0.000000000000000000e+00,2.000000000000000000e+00,2.000000000000000000e+00,2.000000000000000000e+00
2.000000000000000000e+00,0.000000000000000000e+00,2.000000000000000000e+00,0.000000000000000000e+00,9.136604858168083654e-01,0.000000000000000000e+00,9.468975541772844950e-01,0.000000000000000000e+00,0.000000000000000000e+00,0.000000000000000000e+00,0.000000000000000000e+00,2.000000000000000000e+00
2.000000000000000000e+00,0.000000000000000000e+00,0.000000000000000000e+00,2.000000000000000000e+00,1.939522858689954443e+00,2.000000000000000000e+00,2.000000000000000000e+00,1.182079816764253000e+00,0.000000000000000000e+00,0.000000000000000000e+00,2.000000000000000000e+00,0.000000000000000000e+00
2.000000000000000000e+00,0.000000000000000000e+00,2.000000000000000000e+00,0.000000000000000000e+00,0.000000000000000000e+00,2.000000000000000000e+00,2.000000000000000000e+00,1.251882320507755830e+00,2.000000000000000000e+00,0.000000000000000000e+00,2.000000000000000000e+00,2.000000000000000000e+00
0.000000000000000000e+00,2.000000000000000000e+00,1.607523930406128176e+00,0.000000000000000000e+00,0.000000000000000000e+00,2.000000000000000000e+00,2.000000000000000000e+00,1.398590475360689478e+00,0.000000000000000000e+00,2.000000000000000000e+00,7.766460285440920375e-01,0.000000000000000000e+00
2.000000000000000000e+00,1.040990984501701355e+00,2.000000000000000000e+00,0.000000000000000000e+00,8.566740125103166070e-01,2.000000000000000000e+00,0.000000000000000000e+00,8.614999866478888491e-01,0.000000000000000000e+00,0.000000000000000000e+00,6.485366980981424057e-01,0.000000000000000000e+00
2.000000000000000000e+00,2.000000000000000000e+00,1.033650670749065303e-01,2.000000000000000000e+00,2.000000000000000000e+00,2.000000000000000000e+00,2.000000000000000000e+00,1.981081546580616859e+00,0.000000000000000000e+00,2.000000000000000000e+00,7.195538714919964551e-01,0.000000000000000000e+00
4.841720922363035307e-01,2.000000000000000000e+00,1.509496428915205746e+00,2.000000000000000000e+00,2.000000000000000000e+00,2.000000000000000000e+00,2.000000000000000000e+00,1.963574667066932067e+00,0.000000000000000000e+00,2.000000000000000000e+00,9.015566901966709512e-01,0.000000000000000000e+00
0.000000000000000000e+00,0.000000000000000000e+00,0.000000000000000000e+00,2.000000000000000000e+00,2.000000000000000000e+00,2.000000000000000000e+00,2.000000000000000000e+00,0.000000000000000000e+00,2.000000000000000000e+00,2.000000000000000000e+00,3.437499342152318671e-01,0.000000000000000000e+00
0.000000000000000000e+00,2.000000000000000000e+00,1.553185588685561447e+00,2.000000000000000000e+00,9.841921739114795065e-01,2.000000000000000000e+00,0.000000000000000000e+00,1.312448460040760434e+00,0.000000000000000000e+00,6.048282508472940799e-01,4.575036407716191467e-01,0.000000000000000000e+00
2.000000000000000000e+00,2.000000000000000000e+00,0.000000000000000000e+00,0.000000000000000000e+00,2.000000000000000000e+00,2.000000000000000000e+00,2.000000000000000000e+00,2.000000000000000000e+00,0.000000000000000000e+00,2.000000000000000000e+00,5.661549952879552094e-01,2.000000000000000000e+00
2.000000000000000000e+00,0.000000000000000000e+00,1.534194116674107544e+00,2.000000000000000000e+00,9.739095133931832127e-01,2.000000000000000000e+00,0.000000000000000000e+00,0.000000000000000000e+00,0.000000000000000000e+00,5.163458654694584871e-01,9.676219868202321495e-01,0.000000000000000000e+00
0.000000000000000000e+00,1.696978102187804982e+00,0.000000000000000000e+00,2.000000000000000000e+00,2.000000000000000000e+00,2.000000000000000000e+00,0.000000000000000000e+00,1.010979221179332477e+00,0.000000000000000000e+00,0.000000000000000000e+00,6.557405425256829234e-01,0.000000000000000000e+00
2.000000000000000000e+00,2.000000000000000000e+00,0.000000000000000000e+00,2.000000000000000000e+00,8.542990250849386014e-01,1.771240217236581760e+00,0.000000000000000000e+00,1.616868300397673153e+00,0.000000000000000000e+00,5.369546041286793470e-01,5.364661642581249890e-01,0.000000000000000000e+00
2.000000000000000000e+00,1.951197875828430406e-01,0.000000000000000000e+00,0.000000000000000000e+00,2.000000000000000000e+00,2.000000000000000000e+00,8.996649972279469054e-01,0.000000000000000000e+00,0.000000000000000000e+00,0.000000000000000000e+00,1.476012714855661434e+00,2.000000000000000000e+00
2.000000000000000000e+00,2.000000000000000000e+00,1.838428048008165172e+00,2.000000000000000000e+00,2.000000000000000000e+00,2.000000000000000000e+00,2.000000000000000000e+00,2.000000000000000000e+00,0.000000000000000000e+00,5.468418749559682546e-01,2.727734933825926023e-01,0.000000000000000000e+00
2.000000000000000000e+00,0.000000000000000000e+00,0.000000000000000000e+00,2.000000000000000000e+00,0.000000000000000000e+00,0.000000000000000000e+00,2.000000000000000000e+00,0.000000000000000000e+00,2.000000000000000000e+00,2.000000000000000000e+00,0.000000000000000000e+00,2.000000000000000000e+00
2.000000000000000000e+00,0.000000000000000000e+00,1.211391177550579457e+00,0.000000000000000000e+00,2.000000000000000000e+00,0.000000000000000000e+00,0.000000000000000000e+00,2.000000000000000000e+00,0.000000000000000000e+00,0.000000000000000000e+00,2.000000000000000000e+00,2.000000000000000000e+00
2.000000000000000000e+00,2.000000000000000000e+00,0.000000000000000000e+00,2.000000000000000000e+00,2.000000000000000000e+00,0.000000000000000000e+00,2.000000000000000000e+00,2.000000000000000000e+00,2.000000000000000000e+00,2.000000000000000000e+00,3.166622487377432904e-01,0.000000000000000000e+00
0.000000000000000000e+00,2.000000000000000000e+00,9.471516043639262028e-01,2.000000000000000000e+00,2.000000000000000000e+00,0.000000000000000000e+00,0.000000000000000000e+00,0.000000000000000000e+00,0.000000000000000000e+00,2.000000000000000000e+00,0.000000000000000000e+00,0.000000000000000000e+00
0.000000000000000000e+00,0.000000000000000000e+00,0.000000000000000000e+00,0.000000000000000000e+00,0.000000000000000000e+00,0.000000000000000000e+00,0.000000000000000000e+00,0.000000000000000000e+00,2.000000000000000000e+00,2.000000000000000000e+00,2.000000000000000000e+00,0.000000000000000000e+00
0.000000000000000000e+00,2.000000000000000000e+00,0.000000000000000000e+00,0.000000000000000000e+00,0.000000000000000000e+00,0.000000000000000000e+00,2.000000000000000000e+00,0.000000000000000000e+00,2.000000000000000000e+00,0.000000000000000000e+00,7.289441744903049081e-01,2.000000000000000000e+00
2.000000000000000000e+00,0.000000000000000000e+00,0.000000000000000000e+00,0.000000000000000000e+00,2.000000000000000000e+00,2.000000000000000000e+00,0.000000000000000000e+00,2.000000000000000000e+00,0.000000000000000000e+00,0.000000000000000000e+00,2.000000000000000000e+00,0.000000000000000000e+00
2.000000000000000000e+00,2.000000000000000000e+00,1.691654930504784549e+00,1.384799440708549101e+00,7.033023890458300897e-01,2.000000000000000000e+00,2.000000000000000000e+00,1.992204151009792978e+00,1.533505860138944632e+00,0.000000000000000000e+00,7.213705160957536444e-01,0.000000000000000000e+00
0.000000000000000000e+00,0.000000000000000000e+00,2.000000000000000000e+00,0.000000000000000000e+00,2.000000000000000000e+00,2.000000000000000000e+00,4.738614611168968094e-01,2.000000000000000000e+00,2.000000000000000000e+00,6.097148875120190770e-01,1.511027818708304160e+00,2.000000000000000000e+00
2.000000000000000000e+00,0.000000000000000000e+00,0.000000000000000000e+00,2.000000000000000000e+00,2.000000000000000000e+00,2.000000000000000000e+00,0.000000000000000000e+00,2.000000000000000000e+00,2.000000000000000000e+00,2.000000000000000000e+00,1.719458162986910565e+00,0.000000000000000000e+00
0.000000000000000000e+00,2.000000000000000000e+00,2.000000000000000000e+00,0.000000000000000000e+00,1.918555474144277295e-01,2.000000000000000000e+00,0.000000000000000000e+00,9.331148320230070459e-01,8.934708495299198416e-01,7.909819112424354426e-01,7.425749651064358359e-01,0.000000000000000000e+00
2.000000000000000000e+00,0.000000000000000000e+00,0.000000000000000000e+00,2.000000000000000000e+00,2.000000000000000000e+00,0.000000000000000000e+00,2.000000000000000000e+00,0.000000000000000000e+00,0.000000000000000000e+00,1.185359092095241040e+00,0.000000000000000000e+00,0.000000000000000000e+00
2.000000000000000000e+00,0.000000000000000000e+00,0.000000000000000000e+00,0.000000000000000000e+00,2.000000000000000000e+00,0.000000000000000000e+00,0.000000000000000000e+00,0.000000000000000000e+00,2.000000000000000000e+00,1.242575401586042405e+00,2.000000000000000000e+00,0.000000000000000000e+00
2.000000000000000000e+00,0.000000000000000000e+00,2.000000000000000000e+00,0.000000000000000000e+00,0.000000000000000000e+00,0.000000000000000000e+00,0.000000000000000000e+00,2.000000000000000000e+00,0.000000000000000000e+00,2.000000000000000000e+00,2.000000000000000000e+00,0.000000000000000000e+00
2.000000000000000000e+00,0.000000000000000000e+00,0.000000000000000000e+00,2.000000000000000000e+00,2.000000000000000000e+00,0.000000000000000000e+00,6.240065485356689479e-01,2.000000000000000000e+00,2.000000000000000000e+00,0.000000000000000000e+00,2.000000000000000000e+00,0.000000000000000000e+00
0.000000000000000000e+00,2.000000000000000000e+00,0.000000000000000000e+00,0.000000000000000000e+00,2.000000000000000000e+00,0.000000000000000000e+00,9.151476529178327324e-01,2.000000000000000000e+00,0.000000000000000000e+00,2.000000000000000000e+00,2.000000000000000000e+00,0.000000000000000000e+00
2.000000000000000000e+00,1.202401478228375620e+00,0.000000000000000000e+00,0.000000000000000000e+00,1.235332163788484205e+00,2.000000000000000000e+00,0.000000000000000000e+00,0.000000000000000000e+00,0.000000000000000000e+00,2.000000000000000000e+00,0.000000000000000000e+00,0.000000000000000000e+00
2.000000000000000000e+00,0.000000000000000000e+00,2.000000000000000000e+00,2.000000000000000000e+00,1.298488886645122964e+00,1.044538604079295441e+00,0.000000000000000000e+00,0.000000000000000000e+00,2.000000000000000000e+00,0.000000000000000000e+00,0.000000000000000000e+00,0.000000000000000000e+00
0.000000000000000000e+00,2.000000000000000000e+00,0.000000000000000000e+00,2.000000000000000000e+00,2.000000000000000000e+00,2.000000000000000000e+00,2.000000000000000000e+00,1.746019632454546056e+00,0.000000000000000000e+00,1.420159038454352096e+00,1.017960149842977113e+00,0.000000000000000000e+00
0.000000000000000000e+00,2.000000000000000000e+00,9.685751243483486927e-01,2.000000000000000000e+00,2.000000000000000000e+00,2.000000000000000000e+00,2.000000000000000000e+00,4.041892607820159466e-01,0.000000000000000000e+00,0.000000000000000000e+00,0.000000000000000000e+00,2.000000000000000000e+00
2.000000000000000000e+00,9.998345435977666895e-01,2.000000000000000000e+00,2.000000000000000000e+00,1.601257961633188343e+00,2.000000000000000000e+00,1.659998325039085676e-01,1.282276446326172104e-01,2.000000000000000000e+00,0.000000000000000000e+00,5.268731120710068438e-01,2.000000000000000000e+00
0.000000000000000000e+00,0.000000000000000000e+00,2.000000000000000000e+00,0.000000000000000000e+00,0.000000000000000000e+00,0.000000000000000000e+00,0.000000000000000000e+00,0.000000000000000000e+00,2.000000000000000000e+00,2.000000000000000000e+00,1.149114056761981528e+00,0.000000000000000000e+00
0.000000000000000000e+00,2.000000000000000000e+00,2.000000000000000000e+00,2.000000000000000000e+00,0.000000000000000000e+00,2.000000000000000000e+00,0.000000000000000000e+00,1.651351826159304537e+00,0.000000000000000000e+00,6.709844645702622845e-01,9.276851857486880792e-01,0.000000000000000000e+00
0.000000000000000000e+00,1.546120161244542768e+00,1.895087747212015339e+00,0.000000000000000000e+00,1.232504492623104353e+00,2.000000000000000000e+00,2.836462090725579421e-01,0.000000000000000000e+00,0.000000000000000000e+00,5.968508219046922969e-01,3.844084122316715479e-01,0.000000000000000000e+00
1.277911206919357889e+00,2.000000000000000000e+00,1.692287642458742081e+00,2.000000000000000000e+00,1.224462615862994763e+00,2.000000000000000000e+00,0.000000000000000000e+00,1.399463795946162659e+00,5.024151221919164190e-01,4.945474817168935000e-01,2.596216660781402452e-01,6.119123296011840241e-01
0.000000000000000000e+00,2.000000000000000000e+00,0.000000000000000000e+00,2.000000000000000000e+00,3.030488499510974321e-01,2.000000000000000000e+00,0.000000000000000000e+00,2.000000000000000000e+00,0.000000000000000000e+00,0.000000000000000000e+00,2.000000000000000000e+00,0.000000000000000000e+00
2.000000000000000000e+00,7.437981903349698554e-01,2.000000000000000000e+00,2.000000000000000000e+00,7.256637074079292926e-01,0.000000000000000000e+00,0.000000000000000000e+00,0.000000000000000000e+00,2.000000000000000000e+00,0.000000000000000000e+00,2.000000000000000000e+00,0.000000000000000000e+00
2.000000000000000000e+00,2.000000000000000000e+00,1.361017097755719440e+00,0.000000000000000000e+00,2.000000000000000000e+00,2.000000000000000000e+00,0.000000000000000000e+00,1.576840512904829072e+00,0.000000000000000000e+00,4.582910856787010823e-01,1.151688153787964408e+00,0.000000000000000000e+00
2.000000000000000000e+00,0.000000000000000000e+00,0.000000000000000000e+00,2.000000000000000000e+00,2.000000000000000000e+00,2.000000000000000000e+00,0.000000000000000000e+00,2.000000000000000000e+00,0.000000000000000000e+00,0.000000000000000000e+00,1.387404500226041115e+00,2.000000000000000000e+00
1.056443498792812186e+00,2.000000000000000000e+00,2.000000000000000000e+00,1.378549428993347759e+00,1.348904997435139697e+00,2.000000000000000000e+00,0.000000000000000000e+00,1.021229825195984153e+00,0.000000000000000000e+00,2.004320057986495596e-01,4.603398908811410783e-01,0.000000000000000000e+00
2.000000000000000000e+00,2.000000000000000000e+00,2.000000000000000000e+00,2.000000000000000000e+00,0.000000000000000000e+00,2.000000000000000000e+00,1.141593591097151750e+00,1.183599847279043216e+00,2.000000000000000000e+00,7.623473238069337077e-01,6.165255713640758195e-01,0.000000000000000000e+00
0.000000000000000000e+00,2.000000000000000000e+00,2.000000000000000000e+00,1.492843379624774203e+00,0.000000000000000000e+00,2.000000000000000000e+00,1.236387257088102265e+00,1.745949646524574295e+00,0.000000000000000000e+00,0.000000000000000000e+00,1.091968483808350987e+00,2.000000000000000000e+00
0.000000000000000000e+00,0.000000000000000000e+00,2.000000000000000000e+00,0.000000000000000000e+00,2.000000000000000000e+00,0.000000000000000000e+00,2.000000000000000000e+00,0.000000000000000000e+00,1.016393869990001919e+00,0.000000000000000000e+00,1.040328113157472645e+00,2.000000000000000000e+00
2.000000000000000000e+00,2.000000000000000000e+00,0.000000000000000000e+00,2.000000000000000000e+00,2.000000000000000000e+00,2.000000000000000000e+00,2.000000000000000000e+00,1.799364007915589703e+00,0.000000000000000000e+00,2.000000000000000000e+00,1.100968198541442788e+00,0.000000000000000000e+00
0.000000000000000000e+00,5.639679598899524082e-01,2.000000000000000000e+00,0.000000000000000000e+00,2.000000000000000000e+00,0.000000000000000000e+00,2.000000000000000000e+00,9.502294273930143031e-01,0.000000000000000000e+00,5.995322995420823142e-01,1.439255067411715494e+00,0.000000000000000000e+00
1.092431244018661207e+00,1.565956564453546473e+00,2.000000000000000000e+00,2.000000000000000000e+00,2.000000000000000000e+00,2.000000000000000000e+00,2.000000000000000000e+00,1.073140480369801697e+00,3.947747548194531220e-01,9.395174137798828484e-01,5.816470905228411370e-01,0.000000000000000000e+00
0.000000000000000000e+00,1.733651039061364418e+00,2.000000000000000000e+00,2.000000000000000000e+00,2.000000000000000000e+00,2.000000000000000000e+00,0.000000000000000000e+00,4.693433962754316457e-01,1.784637162619652218e+00,2.000000000000000000e+00,5.834520773234344038e-01,5.219231480673757195e-01
2.000000000000000000e+00,2.000000000000000000e+00,0.000000000000000000e+00,2.000000000000000000e+00,2.000000000000000000e+00,2.000000000000000000e+00,1.464392539966046014e+00,2.000000000000000000e+00,0.000000000000000000e+00,2.000000000000000000e+00,7.206082220687508588e-01,0.000000000000000000e+00
2.000000000000000000e+00,0.000000000000000000e+00,1.854432654962469895e+00,0.000000000000000000e+00,0.000000000000000000e+00,2.000000000000000000e+00,1.284618831405703654e+00,7.584303286711957526e-01,7.177911249526074400e-01,6.874928127570694159e-01,8.686195487893614287e-01,0.000000000000000000e+00
2.000000000000000000e+00,0.000000000000000000e+00,2.000000000000000000e+00,0.000000000000000000e+00,0.000000000000000000e+00,0.000000000000000000e+00,1.388796491738844674e+00,2.000000000000000000e+00,8.528596198864691891e-01,0.000000000000000000e+00,0.000000000000000000e+00,2.000000000000000000e+00
0.000000000000000000e+00,2.000000000000000000e+00,3.367033424810148556e-01,2.000000000000000000e+00,2.000000000000000000e+00,2.000000000000000000e+00,0.000000000000000000e+00,0.000000000000000000e+00,5.705373940725925186e-01,0.000000000000000000e+00,4.060265943231242125e-01,0.000000000000000000e+00
0.000000000000000000e+00,2.000000000000000000e+00,1.461126034380143546e+00,0.000000000000000000e+00,1.226917562040749532e+00,2.000000000000000000e+00,0.000000000000000000e+00,1.283014804888228166e+00,2.000000000000000000e+00,0.000000000000000000e+00,4.430647141523737509e-01,0.000000000000000000e+00
0.000000000000000000e+00,0.000000000000000000e+00,2.000000000000000000e+00,0.000000000000000000e+00,0.000000000000000000e+00,2.000000000000000000e+00,8.180384852595107281e-01,1.532112954629123669e+00,0.000000000000000000e+00,2.000000000000000000e+00,1.325267340450733133e+00,0.000000000000000000e+00
0.000000000000000000e+00,0.000000000000000000e+00,2.000000000000000000e+00,2.000000000000000000e+00,2.000000000000000000e+00,0.000000000000000000e+00,1.328842947994932189e+00,0.000000000000000000e+00,0.000000000000000000e+00,2.000000000000000000e+00,9.187625337992157970e-01,2.000000000000000000e+00
0.000000000000000000e+00,2.000000000000000000e+00,0.000000000000000000e+00,0.000000000000000000e+00,0.000000000000000000e+00,0.000000000000000000e+00,2.000000000000000000e+00,2.000000000000000000e+00,2.000000000000000000e+00,2.000000000000000000e+00,2.000000000000000000e+00,0.000000000000000000e+00
2.000000000000000000e+00,2.000000000000000000e+00,3.107004197393295475e-01,2.000000000000000000e+00,2.000000000000000000e+00,2.000000000000000000e+00,6.100350397839178207e-01,2.000000000000000000e+00,0.000000000000000000e+00,2.000000000000000000e+00,1.314995554121961785e+00,0.000000000000000000e+00
0.000000000000000000e+00,2.000000000000000000e+00,1.749753067130146889e+00,0.000000000000000000e+00,1.837865309541933945e+00,2.000000000000000000e+00,1.273854061878942234e+00,1.347961219134054200e+00,0.000000000000000000e+00,0.000000000000000000e+00,6.624795528073834650e-01,0.000000000000000000e+00
2.000000000000000000e+00,2.000000000000000000e+00,1.830939009149539887e+00,2.000000000000000000e+00,2.000000000000000000e+00,2.000000000000000000e+00,0.000000000000000000e+00,2.000000000000000000e+00,2.000000000000000000e+00,0.000000000000000000e+00,7.954897338117524752e-01,3.448502590794922008e-05
2.000000000000000000e+00,2.000000000000000000e+00,7.063261738381509947e-01,0.000000000000000000e+00,2.000000000000000000e+00,0.000000000000000000e+00,4.012681075931134322e-01,2.000000000000000000e+00,2.000000000000000000e+00,0.000000000000000000e+00,1.368183514515755705e+00,0.000000000000000000e+00
0.000000000000000000e+00,2.000000000000000000e+00,1.894325964601817791e+00,0.000000000000000000e+00,5.358949869029057123e-01,2.000000000000000000e+00,1.041513771629982488e+00,2.000000000000000000e+00,0.000000000000000000e+00,2.000000000000000000e+00,8.830019803105974008e-01,0.000000000000000000e+00
0.000000000000000000e+00,0.000000000000000000e+00,0.000000000000000000e+00,0.000000000000000000e+00,0.000000000000000000e+00,2.000000000000000000e+00,2.000000000000000000e+00,2.000000000000000000e+00,0.000000000000000000e+00,2.000000000000000000e+00,5.145345203372291287e-01,0.000000000000000000e+00
2.000000000000000000e+00,0.000000000000000000e+00,2.000000000000000000e+00,0.000000000000000000e+00,0.000000000000000000e+00,2.000000000000000000e+00,0.000000000000000000e+00,1.203212489487904824e+00,2.000000000000000000e+00,0.000000000000000000e+00,2.000000000000000000e+00,2.000000000000000000e+00
0.000000000000000000e+00,2.000000000000000000e+00,1.439243544809485797e+00,0.000000000000000000e+00,2.000000000000000000e+00,0.000000000000000000e+00,1.404448150328493128e+00,0.000000000000000000e+00,2.000000000000000000e+00,0.000000000000000000e+00,2.000000000000000000e+00,0.000000000000000000e+00
0.000000000000000000e+00,2.000000000000000000e+00,0.000000000000000000e+00,2.000000000000000000e+00,0.000000000000000000e+00,2.000000000000000000e+00,0.000000000000000000e+00,0.000000000000000000e+00,2.000000000000000000e+00,0.000000000000000000e+00,1.744636775431498865e+00,2.000000000000000000e+00
0.000000000000000000e+00,2.000000000000000000e+00,2.000000000000000000e+00,0.000000000000000000e+00,4.513985232440981266e-01,2.000000000000000000e+00,0.000000000000000000e+00,1.245527908345056778e+00,9.325941957928441939e-01,0.000000000000000000e+00,5.446009775386670970e-01,0.000000000000000000e+00
0.000000000000000000e+00,0.000000000000000000e+00,1.776915759828258778e+00,2.000000000000000000e+00,0.000000000000000000e+00,0.000000000000000000e+00,0.000000000000000000e+00,2.000000000000000000e+00,2.000000000000000000e+00,2.000000000000000000e+00,1.051756803600758294e+00,0.000000000000000000e+00
0.000000000000000000e+00,0.000000000000000000e+00,2.000000000000000000e+00,2.000000000000000000e+00,1.926209407924806438e+00,2.000000000000000000e+00,6.424361675077656653e-01,2.000000000000000000e+00,0.000000000000000000e+00,2.226369463752667088e-01,1.103244613787369710e+00,5.805991908746748198e-01
0.000000000000000000e+00,0.000000000000000000e+00,1.672587830628212480e+00,1.569759478372079853e+00,2.000000000000000000e+00,2.000000000000000000e+00,5.728566549177573908e-01,9.242697052237532906e-01,0.000000000000000000e+00,0.000000000000000000e+00,1.265608068760552207e+00,0.000000000000000000e+00
0.000000000000000000e+00,2.000000000000000000e+00,1.819818233616035785e+00,2.000000000000000000e+00,0.000000000000000000e+00,0.000000000000000000e+00,1.433389303509093882e+00,1.020862640471765115e+00,2.000000000000000000e+00,0.000000000000000000e+00,0.000000000000000000e+00,0.000000000000000000e+00
0.000000000000000000e+00,8.798324015476434168e-01,2.000000000000000000e+00,0.000000000000000000e+00,1.199530761642573440e+00,2.000000000000000000e+00,0.000000000000000000e+00,2.000000000000000000e+00,2.000000000000000000e+00,2.000000000000000000e+00,6.071498490826812144e-01,0.000000000000000000e+00
0.000000000000000000e+00,2.000000000000000000e+00,0.000000000000000000e+00,2.000000000000000000e+00,2.000000000000000000e+00,2.000000000000000000e+00,8.832246754839903069e-01,0.000000000000000000e+00,0.000000000000000000e+00,2.000000000000000000e+00,0.000000000000000000e+00,2.000000000000000000e+00
0.000000000000000000e+00,0.000000000000000000e+00,2.000000000000000000e+00,0.000000000000000000e+00,1.831584880696432327e+00,0.000000000000000000e+00,0.000000000000000000e+00,1.618208412437673438e+00,2.000000000000000000e+00,0.000000000000000000e+00,5.297364908610138201e-01,0.000000000000000000e+00
0.000000000000000000e+00,2.000000000000000000e+00,6.406865458566983751e-01,2.000000000000000000e+00,1.962371167985894838e+00,2.000000000000000000e+00,0.000000000000000000e+00,1.657238065590723952e+00,2.000000000000000000e+00,0.000000000000000000e+00,4.408449701425323219e-01,2.000000000000000000e+00
2.000000000000000000e+00,1.441228560856597340e+00,2.668540751701089508e-01,2.000000000000000000e+00,2.000000000000000000e+00,2.000000000000000000e+00,2.000000000000000000e+00,2.000000000000000000e+00,0.000000000000000000e+00,2.000000000000000000e+00,5.750069615993387284e-01,0.000000000000000000e+00
0.000000000000000000e+00,2.000000000000000000e+00,2.000000000000000000e+00,0.000000000000000000e+00,3.664449545935943298e-01,2.000000000000000000e+00,1.433634521757331859e+00,0.000000000000000000e+00,0.000000000000000000e+00,2.000000000000000000e+00,5.756853507365503608e-01,0.000000000000000000e+00
0.000000000000000000e+00,0.000000000000000000e+00,0.000000000000000000e+00,2.000000000000000000e+00,0.000000000000000000e+00,0.000000000000000000e+00,1.127679408266446082e+00,2.000000000000000000e+00,2.000000000000000000e+00,0.000000000000000000e+00,1.495813983828003346e+00,0.000000000000000000e+00
0.000000000000000000e+00,2.000000000000000000e+00,0.000000000000000000e+00,2.000000000000000000e+00,2.000000000000000000e+00,2.000000000000000000e+00,2.000000000000000000e+00,0.000000000000000000e+00,0.000000000000000000e+00,0.000000000000000000e+00,1.320525945970805859e+00,2.000000000000000000e+00
2.000000000000000000e+00,2.000000000000000000e+00,1.568777611520874027e+00,2.000000000000000000e+00,2.000000000000000000e+00,0.000000000000000000e+00,1.478301977354011809e+00,2.000000000000000000e+00,0.000000000000000000e+00,0.000000000000000000e+00,2.000000000000000000e+00,2.000000000000000000e+00
0.000000000000000000e+00,0.000000000000000000e+00,3.845221218290190701e-01,2.000000000000000000e+00,2.000000000000000000e+00,2.000000000000000000e+00,7.984996790700185088e-01,0.000000000000000000e+00,2.000000000000000000e+00,0.000000000000000000e+00,2.000000000000000000e+00,0.000000000000000000e+00
2.000000000000000000e+00,0.000000000000000000e+00,0.000000000000000000e+00,0.000000000000000000e+00,0.000000000000000000e+00,2.000000000000000000e+00,1.097888943342237189e+00,0.000000000000000000e+00,0.000000000000000000e+00,2.000000000000000000e+00,2.000000000000000000e+00,2.000000000000000000e+00
2.000000000000000000e+00,2.000000000000000000e+00,2.000000000000000000e+00,2.000000000000000000e+00,2.000000000000000000e+00,0.000000000000000000e+00,3.802871391699823023e-01,1.429468014503766815e+00,0.000000000000000000e+00,2.000000000000000000e+00,1.645947664742829719e+00,0.000000000000000000e+00
2.000000000000000000e+00,2.000000000000000000e+00,1.701203022201467796e+00,0.000000000000000000e+00,0.000000000000000000e+00,2.000000000000000000e+00,5.069140094942625741e-02,2.000000000000000000e+00,0.000000000000000000e+00,1.015976802975226967e+00,5.490516826053888355e-01,0.000000000000000000e+00
1.083249921094196377e+00,1.185844337717591124e+00,1.833594445367462411e+00,0.000000000000000000e+00,1.191542664278865349e+00,2.000000000000000000e+00,0.000000000000000000e+00,1.483649687501965575e+00,2.000000000000000000e+00,0.000000000000000000e+00,6.944836182809797087e-01,0.000000000000000000e+00
0.000000000000000000e+00,2.000000000000000000e+00,1.423251754847358441e+00,2.000000000000000000e+00,1.063378635469392819e+00,2.000000000000000000e+00,9.988764834341150589e-01,1.374464168216260607e+00,0.000000000000000000e+00,0.000000000000000000e+00,5.240329435325238316e-01,0.000000000000000000e+00
2.000000000000000000e+00,2.000000000000000000e+00,0.000000000000000000e+00,0.000000000000000000e+00,2.000000000000000000e+00,2.000000000000000000e+00,2.000000000000000000e+00,0.000000000000000000e+00,0.000000000000000000e+00,0.000000000000000000e+00,5.056927056075863902e-01,0.000000000000000000e+00
0.000000000000000000e+00,9.225197937272764381e-01,1.640250284971705108e+00,0.000000000000000000e+00,2.000000000000000000e+00,2.000000000000000000e+00,0.000000000000000000e+00,1.550364210877167359e+00,2.000000000000000000e+00,2.000000000000000000e+00,7.006618138835165599e-01,0.000000000000000000e+00
2.000000000000000000e+00,2.000000000000000000e+00,1.024879431267356811e+00,2.000000000000000000e+00,0.000000000000000000e+00,0.000000000000000000e+00,0.000000000000000000e+00,0.000000000000000000e+00,0.000000000000000000e+00,2.000000000000000000e+00,8.867379022127365173e-01,2.000000000000000000e+00
2.000000000000000000e+00,0.000000000000000000e+00,1.637686222148903303e-01,0.000000000000000000e+00,2.000000000000000000e+00,2.000000000000000000e+00,7.061868358676991475e-01,2.000000000000000000e+00,0.000000000000000000e+00,2.000000000000000000e+00,2.000000000000000000e+00,0.000000000000000000e+00
1.148072446548820569e+00,0.000000000000000000e+00,2.000000000000000000e+00,0.000000000000000000e+00,1.452544794577095288e+00,2.000000000000000000e+00,6.385339031782012453e-01,1.131546046612723622e+00,2.000000000000000000e+00,2.000000000000000000e+00,1.291924511682811527e+00,0.000000000000000000e+00
7.196942693754447840e-01,0.000000000000000000e+00,0.000000000000000000e+00,2.000000000000000000e+00,2.000000000000000000e+00,2.000000000000000000e+00,5.615854407973834839e-01,2.000000000000000000e+00,0.000000000000000000e+00,0.000000000000000000e+00,2.000000000000000000e+00,2.000000000000000000e+00
2.000000000000000000e+00,2.000000000000000000e+00,0.000000000000000000e+00,0.000000000000000000e+00,2.000000000000000000e+00,2.000000000000000000e+00,0.000000000000000000e+00,2.000000000000000000e+00,2.000000000000000000e+00,0.000000000000000000e+00,2.000000000000000000e+00,7.410393283403202691e-01
0.000000000000000000e+00,0.000000000000000000e+00,2.760783902379115862e-01,0.000000000000000000e+00,0.000000000000000000e+00,2.000000000000000000e+00,2.000000000000000000e+00,0.000000000000000000e+00,2.000000000000000000e+00,2.000000000000000000e+00,2.000000000000000000e+00,0.000000000000000000e+00
0.000000000000000000e+00,0.000000000000000000e+00,1.492401597049692663e+00,0.000000000000000000e+00,1.275305593263682757e+00,2.000000000000000000e+00,5.745618054665057040e-01,1.348679621773310577e+00,0.000000000000000000e+00,2.000000000000000000e+00,1.641038786709064556e+00,0.000000000000000000e+00
0.000000000000000000e+00,2.000000000000000000e+00,1.796621432158524767e+00,2.000000000000000000e+00,4.283875747503090858e-01,2.000000000000000000e+00,1.174467781117319642e+00,1.408013817604406581e+00,0.000000000000000000e+00,0.000000000000000000e+00,7.425757147638314404e-01,0.000000000000000000e+00
0.000000000000000000e+00,2.000000000000000000e+00,1.686558844346440322e+00,0.000000000000000000e+00,0.000000000000000000e+00,0.000000000000000000e+00,2.000000000000000000e+00,0.000000000000000000e+00,6.956098130292444059e-01,2.000000000000000000e+00,1.295641623562369782e+00,0.000000000000000000e+00
1.612074813697708109e+00,2.000000000000000000e+00,1.845460107439288011e+00,2.000000000000000000e+00,0.000000000000000000e+00,2.000000000000000000e+00,4.425829666918338900e-01,1.207181791001818993e+00,0.000000000000000000e+00,0.000000000000000000e+00,1.600689604230805640e+00,0.000000000000000000e+00
0.000000000000000000e+00,0.000000000000000000e+00,6.102699761902646847e-01,0.000000000000000000e+00,1.343951054292086278e+00,0.000000000000000000e+00,5.232213746819277533e-01,9.187663259447348407e-01,0.000000000000000000e+00,1.635157937690623620e-01,1.704556834819226152e+00,0.000000000000000000e+00
1.291371537919754342e+00,2.000000000000000000e+00,1.917260047849698390e+00,0.000000000000000000e+00,5.866805308148683729e-01,2.000000000000000000e+00,5.925080071835449047e-01,2.000000000000000000e+00,2.000000000000000000e+00,2.000000000000000000e+00,7.998438137659215075e-01,0.000000000000000000e+00
0.000000000000000000e+00,0.000000000000000000e+00,5.859249278266768224e-01,0.000000000000000000e+00,2.000000000000000000e+00,2.000000000000000000e+00,8.440113222436437246e-01,2.000000000000000000e+00,2.000000000000000000e+00,2.000000000000000000e+00,1.514055793188390453e+00,0.000000000000000000e+00
2.000000000000000000e+00,2.000000000000000000e+00,3.376909197800516682e-01,2.000000000000000000e+00,2.000000000000000000e+00,2.000000000000000000e+00,1.103967236848618860e+00,0.000000000000000000e+00,0.000000000000000000e+00,0.000000000000000000e+00,0.000000000000000000e+00,0.000000000000000000e+00
0.000000000000000000e+00,0.000000000000000000e+00,1.167363857603987309e+00,0.000000000000000000e+00,0.000000000000000000e+00,2.000000000000000000e+00,1.279574363500833867e+00,2.000000000000000000e+00,0.000000000000000000e+00,2.000000000000000000e+00,0.000000000000000000e+00,0.000000000000000000e+00
0.000000000000000000e+00,0.000000000000000000e+00,1.569401597196001807e+00,0.000000000000000000e+00,2.000000000000000000e+00,2.000000000000000000e+00,1.371868585007465002e+00,2.000000000000000000e+00,0.000000000000000000e+00,6.171969903496870025e-01,5.620767380472543318e-01,0.000000000000000000e+00
2.000000000000000000e+00,0.000000000000000000e+00,1.780783338714182928e+00,2.000000000000000000e+00,0.000000000000000000e+00,2.000000000000000000e+00,4.902101219439901070e-01,1.304917876752795580e+00,2.000000000000000000e+00,6.382234622674363145e-01,1.710984221827117180e+00,0.000000000000000000e+00
2.000000000000000000e+00,2.000000000000000000e+00,1.883168534483641743e+00,0.000000000000000000e+00,4.504211627788765604e-01,2.000000000000000000e+00,0.000000000000000000e+00,1.381544512675739078e+00,2.000000000000000000e+00,5.068240573473977717e-01,5.167709001881753972e-01,0.000000000000000000e+00
2.000000000000000000e+00,0.000000000000000000e+00,7.548942018503830287e-01,0.000000000000000000e+00,2.000000000000000000e+00,0.000000000000000000e+00,1.017344778677057304e+00,0.000000000000000000e+00,2.000000000000000000e+00,2.000000000000000000e+00,0.000000000000000000e+00,0.000000000000000000e+00
0.000000000000000000e+00,2.000000000000000000e+00,3.945500230361680405e-01,0.000000000000000000e+00,2.000000000000000000e+00,2.000000000000000000e+00,0.000000000000000000e+00,2.000000000000000000e+00,2.000000000000000000e+00,1.245332389992750199e+00,2.000000000000000000e+00,0.000000000000000000e+00
0.000000000000000000e+00,2.000000000000000000e+00,1.525263855023702098e+00,0.000000000000000000e+00,2.000000000000000000e+00,2.000000000000000000e+00,0.000000000000000000e+00,9.016529589121892174e-01,0.000000000000000000e+00,6.159939223572821199e-01,4.349587108314368344e-01,0.000000000000000000e+00
2.000000000000000000e+00,2.000000000000000000e+00,2.000000000000000000e+00,2.000000000000000000e+00,2.000000000000000000e+00,2.000000000000000000e+00,1.029571626849357324e+00,1.992463329331615629e+00,4.812307380384002742e-01,0.000000000000000000e+00,9.401944528262596856e-01,0.000000000000000000e+00
2.000000000000000000e+00,0.000000000000000000e+00,1.178332547233246874e+00,0.000000000000000000e+00,0.000000000000000000e+00,2.000000000000000000e+00,2.000000000000000000e+00,0.000000000000000000e+00,2.000000000000000000e+00,0.000000000000000000e+00,0.000000000000000000e+00,0.000000000000000000e+00
2.000000000000000000e+00,2.000000000000000000e+00,9.532439064147443242e-01,0.000000000000000000e+00,2.000000000000000000e+00,0.000000000000000000e+00,0.000000000000000000e+00,1.505325656872187778e+00,0.000000000000000000e+00,0.000000000000000000e+00,0.000000000000000000e+00,2.000000000000000000e+00
2.000000000000000000e+00,0.000000000000000000e+00,3.702960705950668063e-01,2.000000000000000000e+00,0.000000000000000000e+00,0.000000000000000000e+00,1.310764679959357970e+00,2.000000000000000000e+00,2.000000000000000000e+00,2.000000000000000000e+00,2.000000000000000000e+00,0.000000000000000000e+00
1.604995008738832940e+00,0.000000000000000000e+00,1.843601982042878173e+00,0.000000000000000000e+00,9.121101906100214096e-01,2.000000000000000000e+00,2.000000000000000000e+00,0.000000000000000000e+00,2.000000000000000000e+00,1.016384322048409006e+00,1.536382192157152327e+00,0.000000000000000000e+00
2.000000000000000000e+00,0.000000000000000000e+00,1.299902784229547692e-01,0.000000000000000000e+00,0.000000000000000000e+00,2.000000000000000000e+00,1.482244414591162185e+00,1.085626023674755025e+00,0.000000000000000000e+00,0.000000000000000000e+00,3.934834996415944031e-01,0.000000000000000000e+00
2.000000000000000000e+00,2.000000000000000000e+00,1.773570252122923741e+00,1.191602377552441361e+00,0.000000000000000000e+00,2.000000000000000000e+00,1.163179664549009784e+00,2.000000000000000000e+00,0.000000000000000000e+00,8.109823022023500139e-01,8.454201851263799528e-01,0.000000000000000000e+00
1.094686569775216389e+00,2.000000000000000000e+00,1.817998794751498837e+00,0.000000000000000000e+00,0.000000000000000000e+00,2.000000000000000000e+00,1.327044492910677942e+00,1.265879000630845574e+00,8.588772697763487063e-01,2.000000000000000000e+00,7.503251473005654315e-01,0.000000000000000000e+00
0.000000000000000000e+00,2.000000000000000000e+00,1.610153589693238851e+00,0.000000000000000000e+00,0.000000000000000000e+00,1.454184209620799750e+00,1.166984931420578020e+00,1.563105861824913845e+00,6.030984963645665831e-01,0.000000000000000000e+00,8.635562030096364250e-01,0.000000000000000000e+00
9.758531703751632813e-01,0.000000000000000000e+00,1.630141256758055324e+00,0.000000000000000000e+00,0.000000000000000000e+00,2.000000000000000000e+00,0.000000000000000000e+00,2.000000000000000000e+00,0.000000000000000000e+00,0.000000000000000000e+00,1.892591002607196815e+00,0.000000000000000000e+00
1.187460706752365702e+00,0.000000000000000000e+00,1.616197598413730230e+00,2.000000000000000000e+00,2.000000000000000000e+00,9.498648980750241666e-01,2.000000000000000000e+00,1.221918624959514865e+00,0.000000000000000000e+00,0.000000000000000000e+00,2.000000000000000000e+00,0.000000000000000000e+00
2.000000000000000000e+00,0.000000000000000000e+00,9.052114894604343931e-01,2.000000000000000000e+00,0.000000000000000000e+00,2.000000000000000000e+00,2.000000000000000000e+00,2.000000000000000000e+00,2.000000000000000000e+00,0.000000000000000000e+00,0.000000000000000000e+00,2.000000000000000000e+00
2.000000000000000000e+00,0.000000000000000000e+00,5.452035448989029920e-01,2.000000000000000000e+00,2.000000000000000000e+00,2.000000000000000000e+00,2.000000000000000000e+00,0.000000000000000000e+00,2.000000000000000000e+00,0.000000000000000000e+00,8.534622293641553892e-01,2.000000000000000000e+00
2.000000000000000000e+00,2.000000000000000000e+00,1.851478922275549444e+00,2.000000000000000000e+00,0.000000000000000000e+00,7.188385505736286651e-01,2.000000000000000000e+00,0.000000000000000000e+00,0.000000000000000000e+00,2.000000000000000000e+00,0.000000000000000000e+00,2.000000000000000000e+00
6.002908884307764925e-01,2.000000000000000000e+00,2.000000000000000000e+00,2.000000000000000000e+00,2.000000000000000000e+00,1.588722595772139368e+00,1.005343429828897017e+00,1.522574791337415245e+00,2.000000000000000000e+00,2.000000000000000000e+00,5.972015981546480168e-01,0.000000000000000000e+00
0.000000000000000000e+00,0.000000000000000000e+00,2.000000000000000000e+00,0.000000000000000000e+00,2.000000000000000000e+00,2.000000000000000000e+00,1.552341292253307969e+00,1.122830284258856892e+00,2.422631392188928645e-01,0.000000000000000000e+00,4.123706481686607028e-01,0.000000000000000000e+00
0.000000000000000000e+00,2.000000000000000000e+00,2.000000000000000000e+00,0.000000000000000000e+00,0.000000000000000000e+00,2.000000000000000000e+00,1.230395655226966145e+00,1.044674474115179885e+00,4.368327293746689932e-01,2.000000000000000000e+00,4.150101304584969397e-01,2.000000000000000000e+00
2.000000000000000000e+00,0.000000000000000000e+00,1.662797581977513151e+00,0.000000000000000000e+00,0.000000000000000000e+00,2.000000000000000000e+00,0.000000000000000000e+00,1.193052754089436229e+00,2.000000000000000000e+00,0.000000000000000000e+00,9.037364045283481362e-01,0.000000000000000000e+00
0.000000000000000000e+00,2.000000000000000000e+00,1.336481265948928687e+00,2.000000000000000000e+00,2.000000000000000000e+00,2.000000000000000000e+00,8.294602470803624783e-01,1.448377420299850282e+00,8.268732679447862166e-01,2.000000000000000000e+00,8.331705673317200134e-01,0.000000000000000000e+00
1.215030018637297982e+00,2.000000000000000000e+00,1.682862702565191548e-01,2.000000000000000000e+00,0.000000000000000000e+00,2.000000000000000000e+00,4.419733797255596119e-01,2.000000000000000000e+00,2.000000000000000000e+00,2.000000000000000000e+00,1.453338636100206083e+00,0.000000000000000000e+00
1.115985800427369945e+00,2.000000000000000000e+00,4.634047009415973029e-01,0.000000000000000000e+00,2.000000000000000000e+00,0.000000000000000000e+00,0.000000000000000000e+00,0.000000000000000000e+00,0.000000000000000000e+00,0.000000000000000000e+00,2.000000000000000000e+00,2.000000000000000000e+00
0.000000000000000000e+00,0.000000000000000000e+00,6.057682845123466553e-01,0.000000000000000000e+00,2.000000000000000000e+00,0.000000000000000000e+00,2.000000000000000000e+00,2.000000000000000000e+00,0.000000000000000000e+00,2.000000000000000000e+00,2.000000000000000000e+00,2.000000000000000000e+00
2.000000000000000000e+00,2.000000000000000000e+00,1.439101292955169642e+00,2.000000000000000000e+00,0.000000000000000000e+00,2.000000000000000000e+00,1.460127592968729404e+00,0.000000000000000000e+00,2.000000000000000000e+00,0.000000000000000000e+00,2.000000000000000000e+00,2.000000000000000000e+00
0.000000000000000000e+00,0.000000000000000000e+00,7.143180119755605517e-01,0.000000000000000000e+00,2.000000000000000000e+00,2.000000000000000000e+00,1.269263358624392657e+00,0.000000000000000000e+00,2.000000000000000000e+00,0.000000000000000000e+00,0.000000000000000000e+00,2.000000000000000000e+00
2.000000000000000000e+00,2.000000000000000000e+00,1.319257152666452326e-01,2.000000000000000000e+00,0.000000000000000000e+00,2.000000000000000000e+00,2.000000000000000000e+00,2.000000000000000000e+00,0.000000000000000000e+00,2.000000000000000000e+00,2.834319775028705246e-01,0.000000000000000000e+00
1.224633438149674181e+00,2.000000000000000000e+00,2.000000000000000000e+00,2.000000000000000000e+00,0.000000000000000000e+00,2.000000000000000000e+00,1.194295417886237054e+00,1.113994279090871231e+00,0.000000000000000000e+00,0.000000000000000000e+00,5.852014640756938446e-01,2.706322960266683286e-01
0.000000000000000000e+00,2.000000000000000000e+00,2.000000000000000000e+00,0.000000000000000000e+00,5.706967797047624025e-01,2.000000000000000000e+00,1.221403694643748539e+00,1.641234748413036737e+00,2.000000000000000000e+00,1.680807550757199786e+00,8.024181155138226940e-01,0.000000000000000000e+00
1.269996217212838285e+00,2.000000000000000000e+00,0.000000000000000000e+00,0.000000000000000000e+00,0.000000000000000000e+00,2.000000000000000000e+00,0.000000000000000000e+00,1.101167049400124442e+00,0.000000000000000000e+00,0.000000000000000000e+00,2.659594627971474945e-01,0.000000000000000000e+00
1.145155927108323590e+00,0.000000000000000000e+00,1.592235836430251794e+00,0.000000000000000000e+00,2.000000000000000000e+00,2.000000000000000000e+00,0.000000000000000000e+00,1.142074003686300632e+00,2.000000000000000000e+00,0.000000000000000000e+00,5.411839280807945185e-01,0.000000000000000000e+00
7.727712376870038424e-01,2.000000000000000000e+00,2.000000000000000000e+00,0.000000000000000000e+00,2.000000000000000000e+00,2.000000000000000000e+00,0.000000000000000000e+00,1.493696538502627735e+00,2.000000000000000000e+00,0.000000000000000000e+00,8.190785869134821207e-01,0.000000000000000000e+00
2.000000000000000000e+00,0.000000000000000000e+00,2.000000000000000000e+00,0.000000000000000000e+00,9.353591796049562923e-01,2.000000000000000000e+00,1.690052416768767385e+00,9.865312843514197905e-01,2.000000000000000000e+00,2.000000000000000000e+00,4.679470372233904274e-01,0.000000000000000000e+00
8.824842269784639592e-01,0.000000000000000000e+00,1.526580464401574577e+00,0.000000000000000000e+00,1.471076633315001381e+00,0.000000000000000000e+00,0.000000000000000000e+00,2.000000000000000000e+00,0.000000000000000000e+00,0.000000000000000000e+00,1.144987094247001069e+00,2.000000000000000000e+00
2.000000000000000000e+00,2.000000000000000000e+00,2.064032327015622725e-01,2.000000000000000000e+00,1.516089813490856031e+00,8.847339428338832912e-01,0.000000000000000000e+00,2.000000000000000000e+00,2.000000000000000000e+00,0.000000000000000000e+00,1.034014316772412068e+00,0.000000000000000000e+00
0.000000000000000000e+00,2.000000000000000000e+00,2.000000000000000000e+00,2.000000000000000000e+00,2.000000000000000000e+00,2.000000000000000000e+00,0.000000000000000000e+00,1.011461037032492349e+00,2.000000000000000000e+00,0.000000000000000000e+00,4.996187147946153373e-01,0.000000000000000000e+00
2.000000000000000000e+00,0.000000000000000000e+00,0.000000000000000000e+00,2.000000000000000000e+00,0.000000000000000000e+00,0.000000000000000000e+00,0.000000000000000000e+00,5.784727354636005625e-01,0.000000000000000000e+00,2.000000000000000000e+00,4.537091887774164500e-01,0.000000000000000000e+00
0.000000000000000000e+00,0.000000000000000000e+00,2.000000000000000000e+00,0.000000000000000000e+00,2.000000000000000000e+00,2.000000000000000000e+00,2.000000000000000000e+00,2.000000000000000000e+00,0.000000000000000000e+00,0.000000000000000000e+00,1.761737313335859589e+00,0.000000000000000000e+00
0.000000000000000000e+00,0.000000000000000000e+00,0.000000000000000000e+00,0.000000000000000000e+00,0.000000000000000000e+00,2.000000000000000000e+00,0.000000000000000000e+00,1.603032418994871477e+00,0.000000000000000000e+00,0.000000000000000000e+00,1.716074281522342426e+00,0.000000000000000000e+00
2.000000000000000000e+00,2.000000000000000000e+00,0.000000000000000000e+00,2.000000000000000000e+00,2.000000000000000000e+00,2.000000000000000000e+00,1.085247379542062074e+00,1.332182079909848493e+00,0.000000000000000000e+00,0.000000000000000000e+00,3.551660721692683764e-01,0.000000000000000000e+00
0.000000000000000000e+00,2.000000000000000000e+00,2.000000000000000000e+00,0.000000000000000000e+00,1.092760350181493534e+00,2.000000000000000000e+00,0.000000000000000000e+00,1.731088169473921745e+00,2.000000000000000000e+00,2.000000000000000000e+00,5.124354286052085206e-01,0.000000000000000000e+00
0.000000000000000000e+00,6.578849458066193812e-01,2.000000000000000000e+00,0.000000000000000000e+00,1.131403958921148645e+00,2.000000000000000000e+00,0.000000000000000000e+00,4.592880150805138117e-01,0.000000000000000000e+00,0.000000000000000000e+00,1.517903425640508619e+00,2.000000000000000000e+00
6.779959303189182496e-01,1.503388572192368322e+00,2.000000000000000000e+00,2.000000000000000000e+00,9.355016227497321424e-01,2.000000000000000000e+00,0.000000000000000000e+00,1.372589322524566224e+00,2.000000000000000000e+00,0.000000000000000000e+00,5.117702175436307233e-01,0.000000000000000000e+00
0.000000000000000000e+00,2.000000000000000000e+00,1.683111106418344383e+00,2.000000000000000000e+00,1.333042002576086293e+00,2.000000000000000000e+00,0.000000000000000000e+00,1.506210241947819828e+00,1.598442615630742969e+00,2.000000000000000000e+00,4.983053979922851817e-01,0.000000000000000000e+00
2.000000000000000000e+00,2.000000000000000000e+00,1.691326452736748032e-01,2.000000000000000000e+00,1.395517116459116913e+00,2.000000000000000000e+00,2.000000000000000000e+00,2.000000000000000000e+00,0.000000000000000000e+00,2.000000000000000000e+00,7.643393439927215205e-01,0.000000000000000000e+00
1.078417614654503032e+00,2.000000000000000000e+00,2.000000000000000000e+00,2.000000000000000000e+00,0.000000000000000000e+00,2.000000000000000000e+00,9.470510624798473831e-01,1.132163044333268642e+00,2.000000000000000000e+00,0.000000000000000000e+00,9.134524070929133099e-01,0.000000000000000000e+00
0.000000000000000000e+00,2.000000000000000000e+00,0.000000000000000000e+00,0.000000000000000000e+00,9.004739359604438942e-01,2.000000000000000000e+00,3.635107552888346416e-01,2.000000000000000000e+00,0.000000000000000000e+00,2.000000000000000000e+00,1.450996566686716838e+00,0.000000000000000000e+00
2.000000000000000000e+00,2.000000000000000000e+00,1.311217415780009832e+00,0.000000000000000000e+00,7.743765895654323161e-01,1.277475715722639293e+00,1.495178672972688583e+00,7.771042571926438658e-01,0.000000000000000000e+00,2.000000000000000000e+00,7.821378614220000358e-01,0.000000000000000000e+00
0.000000000000000000e+00,2.000000000000000000e+00,2.000000000000000000e+00,0.000000000000000000e+00,8.501990658507063703e-01,1.696675546900932252e+00,9.531323649470678783e-01,1.099548933335162237e+00,0.000000000000000000e+00,2.000000000000000000e+00,8.921552601140254612e-01,0.000000000000000000e+00
9.115629810982277537e-01,0.000000000000000000e+00,1.838960372542645327e+00,2.000000000000000000e+00,2.000000000000000000e+00,2.000000000000000000e+00,0.000000000000000000e+00,9.436482938082322303e-01,2.000000000000000000e+00,0.000000000000000000e+00,8.806559723437027420e-01,0.000000000000000000e+00
0.000000000000000000e+00,0.000000000000000000e+00,0.000000000000000000e+00,2.000000000000000000e+00,0.000000000000000000e+00,0.000000000000000000e+00,2.000000000000000000e+00,0.000000000000000000e+00,2.000000000000000000e+00,2.000000000000000000e+00,1.594395275684729940e+00,2.000000000000000000e+00
0.000000000000000000e+00,2.000000000000000000e+00,7.951746187060154680e-01,2.000000000000000000e+00,1.185772629622745100e+00,2.000000000000000000e+00,0.000000000000000000e+00,1.236814329693070036e+00,6.715095469583316490e-01,0.000000000000000000e+00,4.586170968539910464e-01,0.000000000000000000e+00
2.000000000000000000e+00,0.000000000000000000e+00,9.863435331411050944e-02,0.000000000000000000e+00,9.222155834398019225e-01,2.000000000000000000e+00,0.000000000000000000e+00,1.457001772437426013e+00,2.000000000000000000e+00,0.000000000000000000e+00,1.048432504577104574e+00,0.000000000000000000e+00
2.000000000000000000e+00,0.000000000000000000e+00,2.000000000000000000e+00,0.000000000000000000e+00,0.000000000000000000e+00,2.000000000000000000e+00,2.000000000000000000e+00,0.000000000000000000e+00,0.000000000000000000e+00,0.000000000000000000e+00,2.848442822787287665e-01,0.000000000000000000e+00
2.000000000000000000e+00,2.000000000000000000e+00,2.000000000000000000e+00,2.000000000000000000e+00,0.000000000000000000e+00,2.000000000000000000e+00,1.200271569052202114e+00,1.610235798867248658e+00,1.099384701428935296e+00,2.000000000000000000e+00,8.832455952312543435e-01,0.000000000000000000e+00
0.000000000000000000e+00,2.000000000000000000e+00,1.513183618766750893e+00,2.000000000000000000e+00,1.463987211768484897e+00,2.000000000000000000e+00,0.000000000000000000e+00,1.178022228073858368e+00,9.080273387477780789e-01,0.000000000000000000e+00,3.702635158010334493e-01,0.000000000000000000e+00
0.000000000000000000e+00,2.000000000000000000e+00,8.542079556321194866e-01,2.000000000000000000e+00,2.000000000000000000e+00,2.000000000000000000e+00,1.149337230430010681e+00,2.000000000000000000e+00,0.000000000000000000e+00,0.000000000000000000e+00,2.826721341598815718e-01,0.000000000000000000e+00
0.000000000000000000e+00,2.000000000000000000e+00,5.048955658410557712e-01,0.000000000000000000e+00,0.000000000000000000e+00,0.000000000000000000e+00,1.445602734447564819e+00,2.000000000000000000e+00,0.000000000000000000e+00,0.000000000000000000e+00,7.956170643871345316e-01,0.000000000000000000e+00
0.000000000000000000e+00,2.000000000000000000e+00,6.936523383044025381e-01,2.000000000000000000e+00,1.407619626458765261e+00,2.000000000000000000e+00,1.265293052188270817e+00,2.000000000000000000e+00,0.000000000000000000e+00,2.000000000000000000e+00,2.277586353614577397e-01,0.000000000000000000e+00
7.874499457235117905e-01,2.000000000000000000e+00,6.363119870036110237e-01,2.000000000000000000e+00,2.000000000000000000e+00,2.000000000000000000e+00,2.000000000000000000e+00,2.000000000000000000e+00,2.000000000000000000e+00,2.000000000000000000e+00,0.000000000000000000e+00,0.000000000000000000e+00
1.233801699005953711e+00,2.000000000000000000e+00,2.000000000000000000e+00,2.000000000000000000e+00,0.000000000000000000e+00,1.545490273558352223e+00,9.540234709640356137e-01,1.865335187671044226e+00,2.000000000000000000e+00,0.000000000000000000e+00,1.028489604710412841e+00,0.000000000000000000e+00
0.000000000000000000e+00,2.000000000000000000e+00,1.013441216077468399e+00,2.000000000000000000e+00,2.000000000000000000e+00,2.000000000000000000e+00,1.307608405150904263e+00,2.000000000000000000e+00,2.000000000000000000e+00,2.000000000000000000e+00,2.270310517825815388e-01,0.000000000000000000e+00
1.119383626609680382e+00,2.000000000000000000e+00,1.763054379390248894e+00,2.000000000000000000e+00,0.000000000000000000e+00,1.161455642748523642e+00,2.000000000000000000e+00,2.000000000000000000e+00,2.000000000000000000e+00,0.000000000000000000e+00,1.746599362540275369e+00,0.000000000000000000e+00
0.000000000000000000e+00,2.000000000000000000e+00,6.680287868199884516e-01,2.000000000000000000e+00,1.691969734818953741e+00,2.000000000000000000e+00,4.104602221662201900e-01,2.000000000000000000e+00,0.000000000000000000e+00,0.000000000000000000e+00,0.000000000000000000e+00,0.000000000000000000e+00
0.000000000000000000e+00,2.000000000000000000e+00,1.811672086193832243e+00,2.000000000000000000e+00,5.026501940769769750e-01,1.876356573486073875e+00,0.000000000000000000e+00,1.407076838563707577e+00,1.099148748604723780e+00,0.000000000000000000e+00,7.491892096135515100e-01,0.000000000000000000e+00
0.000000000000000000e+00,2.000000000000000000e+00,7.725249262691435970e-01,0.000000000000000000e+00,1.144051976980277274e+00,2.000000000000000000e+00,9.279573160037389856e-01,2.000000000000000000e+00,0.000000000000000000e+00,0.000000000000000000e+00,0.000000000000000000e+00,0.000000000000000000e+00
0.000000000000000000e+00,0.000000000000000000e+00,8.211434416355353205e-01,0.000000000000000000e+00,1.271694290803743188e+00,2.000000000000000000e+00,1.104635605778553575e+00,2.000000000000000000e+00,0.000000000000000000e+00,0.000000000000000000e+00,0.000000000000000000e+00,0.000000000000000000e+00
0.000000000000000000e+00,2.000000000000000000e+00,7.274612418520896018e-01,0.000000000000000000e+00,1.176775229485793828e+00,2.000000000000000000e+00,9.723544789258007359e-01,2.000000000000000000e+00,4.362697154554812662e-01,0.000000000000000000e+00,1.726770216228616095e-01,0.000000000000000000e+00
0.000000000000000000e+00,2.000000000000000000e+00,7.909037724493712673e-01,2.000000000000000000e+00,9.621782884573536476e-01,2.000000000000000000e+00,1.069740692036880159e+00,2.000000000000000000e+00,0.000000000000000000e+00,0.000000000000000000e+00,0.000000000000000000e+00,0.000000000000000000e+00
0.000000000000000000e+00,2.000000000000000000e+00,7.615053783887804073e-01,0.000000000000000000e+00,1.214445866534103802e+00,2.000000000000000000e+00,1.736029127964381358e-01,2.000000000000000000e+00,0.000000000000000000e+00,0.000000000000000000e+00,0.000000000000000000e+00,0.000000000000000000e+00
0.000000000000000000e+00,2.000000000000000000e+00,7.656528490362488615e-01,0.000000000000000000e+00,1.884790733857525824e+00,2.000000000000000000e+00,1.334337487628671326e+00,2.000000000000000000e+00,0.000000000000000000e+00,6.576993174486641669e-01,0.000000000000000000e+00,0.000000000000000000e+00
0.000000000000000000e+00,0.000000000000000000e+00,2.000000000000000000e+00,2.000000000000000000e+00,2.000000000000000000e+00,2.000000000000000000e+00,8.220061675240312171e-01,0.000000000000000000e+00,8.314049477644773756e-01,0.000000000000000000e+00,1.421081659912572404e+00,0.000000000000000000e+00
2.000000000000000000e+00,0.000000000000000000e+00,2.000000000000000000e+00,0.000000000000000000e+00,1.525249810787656424e+00,2.000000000000000000e+00,1.383301249811307754e+00,0.000000000000000000e+00,1.089326000685337359e+00,0.000000000000000000e+00,4.668812334420117116e-01,2.000000000000000000e+00
2.000000000000000000e+00,0.000000000000000000e+00,0.000000000000000000e+00,0.000000000000000000e+00,2.000000000000000000e+00,2.000000000000000000e+00,6.558593042528738648e-01,2.000000000000000000e+00,8.430333670825185255e-01,2.000000000000000000e+00,1.597485436597566588e+00,0.000000000000000000e+00
0.000000000000000000e+00,2.000000000000000000e+00,2.000000000000000000e+00,0.000000000000000000e+00,0.000000000000000000e+00,2.000000000000000000e+00,6.515652966250752298e-01,2.000000000000000000e+00,7.677711498885895214e-01,0.000000000000000000e+00,1.624663687178248495e+00,0.000000000000000000e+00
0.000000000000000000e+00,2.000000000000000000e+00,1.413964591300634233e+00,0.000000000000000000e+00,1.341688975625504598e+00,2.000000000000000000e+00,8.168851994269133998e-01,1.680206956571312693e+00,0.000000000000000000e+00,0.000000000000000000e+00,0.000000000000000000e+00,0.000000000000000000e+00
0.000000000000000000e+00,0.000000000000000000e+00,2.000000000000000000e+00,2.000000000000000000e+00,8.982053621962801104e-01,0.000000000000000000e+00,5.710174573360778938e-01,5.918590503231382360e-01,0.000000000000000000e+00,0.000000000000000000e+00,5.918920844886841337e-01,0.000000000000000000e+00
0.000000000000000000e+00,2.000000000000000000e+00,1.897909954095797547e+00,2.000000000000000000e+00,1.187537935845286885e+00,2.000000000000000000e+00,1.240892020367850179e+00,2.000000000000000000e+00,0.000000000000000000e+00,2.000000000000000000e+00,0.000000000000000000e+00,0.000000000000000000e+00
0.000000000000000000e+00,2.000000000000000000e+00,0.000000000000000000e+00,0.000000000000000000e+00,1.085384785465971058e+00,2.000000000000000000e+00,8.623055300744217888e-01,2.000000000000000000e+00,0.000000000000000000e+00,0.000000000000000000e+00,0.000000000000000000e+00,0.000000000000000000e+00
0.000000000000000000e+00,2.000000000000000000e+00,9.069429243094024873e-01,0.000000000000000000e+00,1.057154155544481666e+00,2.000000000000000000e+00,8.897599715269146614e-01,2.851198809146271995e-01,0.000000000000000000e+00,0.000000000000000000e+00,0.000000000000000000e+00,0.000000000000000000e+00
0.000000000000000000e+00,2.000000000000000000e+00,0.000000000000000000e+00,2.000000000000000000e+00,9.543104982145906856e-01,2.000000000000000000e+00,0.000000000000000000e+00,0.000000000000000000e+00,2.000000000000000000e+00,2.000000000000000000e+00,1.085735486985522469e+00,0.000000000000000000e+00
0.000000000000000000e+00,2.000000000000000000e+00,7.965541734083368963e-01,0.000000000000000000e+00,1.150537969447414266e+00,2.000000000000000000e+00,1.466052196910988537e+00,2.000000000000000000e+00,0.000000000000000000e+00,0.000000000000000000e+00,0.000000000000000000e+00,0.000000000000000000e+00
0.000000000000000000e+00,4.461657553245726993e-01,6.829309463912500711e-01,2.000000000000000000e+00,1.066917399012071277e+00,2.000000000000000000e+00,3.542518737835945730e-01,1.115111371324253753e+00,0.000000000000000000e+00,2.000000000000000000e+00,0.000000000000000000e+00,0.000000000000000000e+00
0.000000000000000000e+00,2.000000000000000000e+00,1.187021659441491295e+00,2.000000000000000000e+00,1.367062338166947777e+00,2.000000000000000000e+00,0.000000000000000000e+00,1.901044899418201650e+00,0.000000000000000000e+00,0.000000000000000000e+00,5.129350396969765136e-01,0.000000000000000000e+00
0.000000000000000000e+00,2.000000000000000000e+00,7.331009646378262579e-01,2.000000000000000000e+00,1.385093431514076157e+00,0.000000000000000000e+00,8.834773823015202865e-01,2.000000000000000000e+00,0.000000000000000000e+00,2.000000000000000000e+00,0.000000000000000000e+00,0.000000000000000000e+00
0.000000000000000000e+00,2.000000000000000000e+00,1.728502491488346005e+00,0.000000000000000000e+00,1.594292024481857473e+00,2.000000000000000000e+00,0.000000000000000000e+00,1.802231371234945367e+00,5.021812588012559975e-02,0.000000000000000000e+00,0.000000000000000000e+00,0.000000000000000000e+00
2.000000000000000000e+00,2.000000000000000000e+00,1.765942513589634777e-01,2.000000000000000000e+00,2.000000000000000000e+00,2.000000000000000000e+00,2.000000000000000000e+00,2.000000000000000000e+00,0.000000000000000000e+00,2.000000000000000000e+00,2.000000000000000000e+00,0.000000000000000000e+00
0.000000000000000000e+00,0.000000000000000000e+00,1.006085318154458674e+00,2.000000000000000000e+00,2.000000000000000000e+00,2.000000000000000000e+00,0.000000000000000000e+00,1.155471649202776119e+00,9.029617520827152299e-01,2.000000000000000000e+00,1.459752991126548993e+00,0.000000000000000000e+00
0.000000000000000000e+00,1.118698557494906654e+00,1.201812503633273410e+00,2.000000000000000000e+00,1.479747387305021311e+00,1.659861083701103412e+00,2.466914490912541780e-01,1.238073830880621840e+00,0.000000000000000000e+00,0.000000000000000000e+00,6.770284786176812286e-01,0.000000000000000000e+00
0.000000000000000000e+00,2.000000000000000000e+00,2.000000000000000000e+00,0.000000000000000000e+00,7.917816386228472281e-01,2.000000000000000000e+00,0.000000000000000000e+00,2.000000000000000000e+00,2.000000000000000000e+00,0.000000000000000000e+00,2.484230654242294278e-01,0.000000000000000000e+00
0.000000000000000000e+00,2.000000000000000000e+00,2.000000000000000000e+00,2.000000000000000000e+00,8.031932293009288459e-01,1.465192988725679601e+00,2.000000000000000000e+00,0.000000000000000000e+00,2.000000000000000000e+00,0.000000000000000000e+00,0.000000000000000000e+00,0.000000000000000000e+00
2.000000000000000000e+00,2.000000000000000000e+00,0.000000000000000000e+00,2.000000000000000000e+00,9.209322355557585382e-01,0.000000000000000000e+00,0.000000000000000000e+00,2.000000000000000000e+00,0.000000000000000000e+00,2.000000000000000000e+00,2.000000000000000000e+00,2.000000000000000000e+00
5.781706613671766526e-01,2.000000000000000000e+00,2.000000000000000000e+00,0.000000000000000000e+00,2.368607319238141828e-01,1.198635183853731689e+00,1.265738832534236913e+00,1.758463970967945933e+00,2.000000000000000000e+00,2.000000000000000000e+00,8.776961285585070938e-01,0.000000000000000000e+00
0.000000000000000000e+00,2.000000000000000000e+00,1.465973581346216581e-01,2.000000000000000000e+00,2.000000000000000000e+00,2.000000000000000000e+00,2.000000000000000000e+00,8.067222480946549812e-01,0.000000000000000000e+00,2.000000000000000000e+00,0.000000000000000000e+00,1.990657968810926048e+00
8.478968063505070152e-01,2.000000000000000000e+00,1.787969587687880724e+00,2.000000000000000000e+00,0.000000000000000000e+00,1.789215680401481823e+00,1.059894724270166178e+00,4.015796300140411779e-01,2.000000000000000000e+00,1.154712197616748037e+00,1.000950240331615504e+00,0.000000000000000000e+00
7.871455459658199816e-01,2.000000000000000000e+00,1.224931680467303163e+00,2.000000000000000000e+00,1.466882945311227093e+00,2.000000000000000000e+00,0.000000000000000000e+00,1.215898824865540906e+00,0.000000000000000000e+00,0.000000000000000000e+00,6.009919251893807157e-01,0.000000000000000000e+00
0.000000000000000000e+00,0.000000000000000000e+00,0.000000000000000000e+00,0.000000000000000000e+00,0.000000000000000000e+00,2.000000000000000000e+00,2.000000000000000000e+00,0.000000000000000000e+00,0.000000000000000000e+00,2.000000000000000000e+00,4.108739334257807130e-01,0.000000000000000000e+00
0.000000000000000000e+00,2.000000000000000000e+00,1.257297997834304626e+00,0.000000000000000000e+00,1.186622325030666447e+00,2.000000000000000000e+00,9.557304423719851227e-01,1.138259364316450917e+00,6.384036861551062314e-01,0.000000000000000000e+00,0.000000000000000000e+00,0.000000000000000000e+00
2.000000000000000000e+00,2.000000000000000000e+00,2.000000000000000000e+00,0.000000000000000000e+00,0.000000000000000000e+00,2.000000000000000000e+00,2.000000000000000000e+00,2.000000000000000000e+00,4.111582393085247422e-01,0.000000000000000000e+00,1.714682818347790461e+00,0.000000000000000000e+00
0.000000000000000000e+00,0.000000000000000000e+00,0.000000000000000000e+00,2.000000000000000000e+00,2.000000000000000000e+00,9.613683008973245014e-01,0.000000000000000000e+00,0.000000000000000000e+00,2.000000000000000000e+00,0.000000000000000000e+00,9.937361385040612838e-01,0.000000000000000000e+00
0.000000000000000000e+00,2.000000000000000000e+00,1.909930884747440771e+00,2.000000000000000000e+00,3.799247411554803056e-01,1.333825358177872289e+00,1.381077127433137042e+00,2.000000000000000000e+00,0.000000000000000000e+00,2.000000000000000000e+00,7.128538771398296170e-01,0.000000000000000000e+00
1.289510590296867099e+00,2.000000000000000000e+00,1.614810911590515152e+00,1.723610369041382651e+00,5.223609830673758836e-01,2.000000000000000000e+00,8.824384325481763325e-01,1.861772032609081418e+00,2.000000000000000000e+00,3.206577379681825324e-01,8.361875395651966469e-01,0.000000000000000000e+00
0.000000000000000000e+00,0.000000000000000000e+00,1.681782211145738115e+00,2.000000000000000000e+00,0.000000000000000000e+00,2.000000000000000000e+00,1.069645608802568981e+00,2.000000000000000000e+00,6.707244508980308995e-01,0.000000000000000000e+00,1.671878413058959678e+00,0.000000000000000000e+00
1.488223645345069457e+00,2.000000000000000000e+00,8.869811564464296083e-01,2.000000000000000000e+00,2.000000000000000000e+00,2.000000000000000000e+00,0.000000000000000000e+00,0.000000000000000000e+00,2.000000000000000000e+00,0.000000000000000000e+00,4.604017968619552037e-01,0.000000000000000000e+00
2.000000000000000000e+00,2.000000000000000000e+00,8.341800793601881203e-01,0.000000000000000000e+00,0.000000000000000000e+00,2.000000000000000000e+00,0.000000000000000000e+00,2.000000000000000000e+00,7.359413698583862073e-01,0.000000000000000000e+00,2.000000000000000000e+00,0.000000000000000000e+00
0.000000000000000000e+00,2.000000000000000000e+00,2.000000000000000000e+00,2.000000000000000000e+00,6.165148823902263375e-01,4.502760073216010572e-01,9.510187407825605455e-01,1.267601937489565955e+00,8.135393328989667383e-01,0.000000000000000000e+00,7.740370904633632199e-01,0.000000000000000000e+00
0.000000000000000000e+00,0.000000000000000000e+00,1.421395063040943318e+00,0.000000000000000000e+00,0.000000000000000000e+00,2.000000000000000000e+00,2.000000000000000000e+00,0.000000000000000000e+00,0.000000000000000000e+00,0.000000000000000000e+00,1.678888404593162686e+00,2.000000000000000000e+00
2.000000000000000000e+00,0.000000000000000000e+00,2.220546464210645110e-01,0.000000000000000000e+00,2.000000000000000000e+00,0.000000000000000000e+00,0.000000000000000000e+00,2.000000000000000000e+00,2.000000000000000000e+00,2.000000000000000000e+00,1.094733110107545704e+00,0.000000000000000000e+00
0.000000000000000000e+00,0.000000000000000000e+00,1.494944280909563661e+00,0.000000000000000000e+00,0.000000000000000000e+00,0.000000000000000000e+00,2.000000000000000000e+00,1.705728660576621980e+00,0.000000000000000000e+00,2.000000000000000000e+00,2.000000000000000000e+00,0.000000000000000000e+00
0.000000000000000000e+00,2.000000000000000000e+00,1.566561985873976770e+00,2.000000000000000000e+00,1.226771952350393491e+00,2.000000000000000000e+00,0.000000000000000000e+00,1.693555349151532496e+00,1.679450657939715708e+00,0.000000000000000000e+00,2.000000000000000000e+00,0.000000000000000000e+00
0.000000000000000000e+00,4.513994527729428552e-01,2.000000000000000000e+00,0.000000000000000000e+00,9.939542018739337959e-01,2.000000000000000000e+00,0.000000000000000000e+00,1.295926854429334085e+00,2.000000000000000000e+00,0.000000000000000000e+00,0.000000000000000000e+00,0.000000000000000000e+00
1.145507319482475639e+00,0.000000000000000000e+00,2.000000000000000000e+00,0.000000000000000000e+00,4.008453063762056345e-01,2.000000000000000000e+00,1.481806900735855859e+00,2.000000000000000000e+00,0.000000000000000000e+00,0.000000000000000000e+00,1.058402733138251062e+00,0.000000000000000000e+00
1.074977640943448165e+00,2.000000000000000000e+00,0.000000000000000000e+00,0.000000000000000000e+00,1.192101124237723520e+00,0.000000000000000000e+00,2.000000000000000000e+00,2.000000000000000000e+00,0.000000000000000000e+00,0.000000000000000000e+00,2.000000000000000000e+00,0.000000000000000000e+00
4.977308021199881027e-01,2.000000000000000000e+00,8.467149096132667863e-01,0.000000000000000000e+00,1.321326119446889935e+00,2.000000000000000000e+00,1.002123873370688090e+00,2.000000000000000000e+00,0.000000000000000000e+00,0.000000000000000000e+00,0.000000000000000000e+00,0.000000000000000000e+00
0.000000000000000000e+00,2.000000000000000000e+00,9.816042430628760806e-01,0.000000000000000000e+00,1.730967364713100087e+00,2.000000000000000000e+00,0.000000000000000000e+00,2.000000000000000000e+00,0.000000000000000000e+00,2.000000000000000000e+00,4.680865397464215594e-01,0.000000000000000000e+00
5.918136445324172490e-01,2.000000000000000000e+00,1.664967355221302014e+00,0.000000000000000000e+00,2.000000000000000000e+00,2.000000000000000000e+00,0.000000000000000000e+00,2.000000000000000000e+00,0.000000000000000000e+00,2.000000000000000000e+00,4.516086755871751013e-01,0.000000000000000000e+00
2.000000000000000000e+00,2.000000000000000000e+00,0.000000000000000000e+00,0.000000000000000000e+00,0.000000000000000000e+00,2.000000000000000000e+00,0.000000000000000000e+00,0.000000000000000000e+00,2.000000000000000000e+00,2.000000000000000000e+00,1.222523462560826557e+00,0.000000000000000000e+00
0.000000000000000000e+00,2.000000000000000000e+00,9.426616879694257323e-01,2.000000000000000000e+00,1.567132483204898508e+00,2.000000000000000000e+00,6.426471287714469183e-01,1.687665330840883104e+00,0.000000000000000000e+00,2.000000000000000000e+00,3.577445601012532728e-01,0.000000000000000000e+00
0.000000000000000000e+00,2.000000000000000000e+00,8.766797054801264144e-01,2.000000000000000000e+00,1.533081960122114618e+00,2.000000000000000000e+00,7.595195031946553321e-01,8.775830142180092164e-01,0.000000000000000000e+00,2.000000000000000000e+00,4.150596910591204947e-01,0.000000000000000000e+00
2.000000000000000000e+00,0.000000000000000000e+00,2.000000000000000000e+00,0.000000000000000000e+00,2.000000000000000000e+00,0.000000000000000000e+00,0.000000000000000000e+00,0.000000000000000000e+00,0.000000000000000000e+00,2.000000000000000000e+00,5.385820012428830239e-01,0.000000000000000000e+00
2.000000000000000000e+00,2.000000000000000000e+00,0.000000000000000000e+00,0.000000000000000000e+00,0.000000000000000000e+00,0.000000000000000000e+00,1.196064334571428578e+00,0.000000000000000000e+00,0.000000000000000000e+00,0.000000000000000000e+00,0.000000000000000000e+00,2.000000000000000000e+00
0.000000000000000000e+00,2.000000000000000000e+00,9.137314455725976670e-01,2.000000000000000000e+00,1.595715285546009721e+00,2.000000000000000000e+00,5.988151791822162728e-01,2.000000000000000000e+00,0.000000000000000000e+00,2.000000000000000000e+00,2.258068993782240963e-01,0.000000000000000000e+00
0.000000000000000000e+00,2.000000000000000000e+00,9.513944017740787462e-01,8.780533668396224289e-01,1.293176409429185103e+00,2.000000000000000000e+00,5.913837316717757142e-01,1.900404033732455922e+00,0.000000000000000000e+00,2.000000000000000000e+00,9.240908515803050727e-02,0.000000000000000000e+00
0.000000000000000000e+00,2.000000000000000000e+00,9.519513080091893675e-01,2.000000000000000000e+00,1.550247657790662315e+00,2.000000000000000000e+00,5.813111227735411335e-01,2.000000000000000000e+00,0.000000000000000000e+00,2.000000000000000000e+00,3.505473801619804486e-01,0.000000000000000000e+00
0.000000000000000000e+00,2.000000000000000000e+00,8.418898075856824370e-01,2.000000000000000000e+00,1.579242345473051312e+00,2.000000000000000000e+00,6.613866802258944189e-01,1.741088845600040846e+00,0.000000000000000000e+00,2.000000000000000000e+00,2.191054698950335444e-01,0.000000000000000000e+00
0.000000000000000000e+00,2.000000000000000000e+00,9.620471892567269423e-01,1.877042759300075803e+00,1.596476254954788621e+00,2.000000000000000000e+00,6.612836757792409648e-01,1.791840253488374612e+00,0.000000000000000000e+00,2.000000000000000000e+00,2.363336909440634792e-01,0.000000000000000000e+00
0.000000000000000000e+00,2.000000000000000000e+00,8.744664467361952243e-01,2.000000000000000000e+00,1.562953419548976486e+00,2.000000000000000000e+00,6.718662780766329057e-01,1.819997442639622154e+00,0.000000000000000000e+00,2.000000000000000000e+00,2.314146666972588529e-01,0.000000000000000000e+00
